"STATION","DATE","LATITUDE","LONGITUDE","ELEVATION","NAME","TEMP","TEMP_ATTRIBUTES","DEWP","DEWP_ATTRIBUTES","SLP","SLP_ATTRIBUTES","STP","STP_ATTRIBUTES","VISIB","VISIB_ATTRIBUTES","WDSP","WDSP_ATTRIBUTES","MXSPD","GUST","MAX","MAX_ATTRIBUTES","MIN","MIN_ATTRIBUTES","PRCP","PRCP_ATTRIBUTES","SNDP","FRSHTT"
"03768399999","2014-01-01","51.505278","0.055278","5.79","CITY, UK","  49.5","24","  44.1","24","9999.9"," 0","999.9"," 0","  5.7","24"," 13.5","24"," 20.0"," 34.0","  53.6","*","  44.6","*","99.99"," ","999.9","010000"
"03768399999","2014-01-02","51.505278","0.055278","5.79","CITY, UK","  49.4","24","  42.6","24","9999.9"," 0","999.9"," 0","  5.8","19"," 10.5","24"," 14.0"," 24.1","  51.8","*","  44.6","*","99.99"," ","999.9","010110"
"03768399999","2014-01-03","51.505278","0.055278","5.79","CITY, UK","  49.4","24","  40.8","24","9999.9"," 0","999.9"," 0","  5.6","24"," 14.6","24"," 25.1"," 35.9","  51.8","*","  46.4","*","99.99"," ","999.9","010110"
"03768399999","2014-01-04","51.505278","0.055278","5.79","CITY, UK","  47.7","24","  41.4","24","9999.9"," 0","999.9"," 0","  6.1","24"," 11.2","24"," 19.0"," 39.0","  50.0","*","  41.0","*","99.99"," ","999.9","010000"
"03768399999","2014-01-05","51.505278","0.055278","5.79","CITY, UK","  44.6","24","  39.1","24","9999.9"," 0","999.9"," 0","  5.8","22","  9.1","24"," 17.1"," 29.9","  55.4","*","  39.2","*","99.99"," ","999.9","010110"
"03768399999","2014-01-06","51.505278","0.055278","5.79","CITY, UK","  53.8","24","  45.2","24","9999.9"," 0","999.9"," 0","  6.0","24"," 16.3","24"," 21.0"," 31.1","  57.2","*","  50.0","*","99.99"," ","999.9","010000"
"03768399999","2014-01-07","51.505278","0.055278","5.79","CITY, UK","  51.9","24","  43.6","24","9999.9"," 0","999.9"," 0","  6.0","24"," 14.7","24"," 21.0"," 34.0","  53.6","*","  48.2","*","99.99"," ","999.9","010110"
"03768399999","2014-01-08","51.505278","0.055278","5.79","CITY, UK","  50.2","24","  44.5","24","9999.9"," 0","999.9"," 0","  6.0","19","  8.6","24"," 13.0","999.9","  53.6","*","  48.2","*","99.99"," ","999.9","010000"
"03768399999","2014-01-09","51.505278","0.055278","5.79","CITY, UK","  49.1","24","  41.0","24","9999.9"," 0","999.9"," 0","  6.2","20"," 14.6","24"," 21.0"," 35.0","  55.4","*","  42.8","*","99.99"," ","999.9","010000"
"03768399999","2014-01-10","51.505278","0.055278","5.79","CITY, UK","  45.9","24","  39.6","24","9999.9"," 0","999.9"," 0","  6.2","18","  8.4","24"," 12.0","999.9","  51.8","*","  41.0","*","99.99"," ","999.9","010000"
"03768399999","2014-01-11","51.505278","0.055278","5.79","CITY, UK","  45.1","24","  38.6","24","9999.9"," 0","999.9"," 0","  6.1","23","  7.4","24"," 15.0","999.9","  48.2","*","  35.6","*","99.99"," ","999.9","010000"
"03768399999","2014-01-12","51.505278","0.055278","5.79","CITY, UK","  40.6","24","  37.4","24","9999.9"," 0","999.9"," 0","  5.3","24","  5.7","24"," 11.1","999.9","  50.0","*","  33.8","*","99.99"," ","999.9","010000"
"03768399999","2014-01-13","51.505278","0.055278","5.79","CITY, UK","  46.8","24","  40.5","24","9999.9"," 0","999.9"," 0","  6.2","21","  8.3","24"," 15.0"," 25.1","  51.8","*","  44.6","*","99.99"," ","999.9","010000"
"03768399999","2014-01-14","51.505278","0.055278","5.79","CITY, UK","  42.8","24","  35.4","24","9999.9"," 0","999.9"," 0","  6.2","16","  7.3","24"," 11.1","999.9","  44.6","*","  39.2","*","99.99"," ","999.9","010000"
"03768399999","2014-01-15","51.505278","0.055278","5.79","CITY, UK","  50.2","24","  46.1","24","9999.9"," 0","999.9"," 0","  5.9","24","  8.4","24"," 13.0","999.9","  53.6","*","  44.6","*","99.99"," ","999.9","010000"
"03768399999","2014-01-16","51.505278","0.055278","5.79","CITY, UK","  49.5","24","  42.9","24","9999.9"," 0","999.9"," 0","  6.0","23","  9.4","24"," 14.0"," 24.1","  51.8","*","  46.4","*","99.99"," ","999.9","010000"
"03768399999","2014-01-17","51.505278","0.055278","5.79","CITY, UK","  46.5","24","  41.5","24","9999.9"," 0","999.9"," 0","  6.1","22","  9.6","24"," 15.0"," 24.1","  48.2","*","  44.6","*","99.99"," ","999.9","010000"
"03768399999","2014-01-18","51.505278","0.055278","5.79","CITY, UK","  48.1","24","  42.3","24","9999.9"," 0","999.9"," 0","  6.2","23","  8.4","24"," 12.0","999.9","  50.0","*","  46.4","*","99.99"," ","999.9","010000"
"03768399999","2014-01-19","51.505278","0.055278","5.79","CITY, UK","  46.0","24","  38.4","24","9999.9"," 0","999.9"," 0","  6.2","21","  6.0","24"," 11.1","999.9","  50.0","*","  41.0","*","99.99"," ","999.9","010000"
"03768399999","2014-01-20","51.505278","0.055278","5.79","CITY, UK","  40.7","24","  36.9","24","9999.9"," 0","999.9"," 0","  5.2","20","  1.4","24","  4.1","999.9","  48.2","*","  35.6","*"," 0.00","I","999.9","100000"
"03768399999","2014-01-21","51.505278","0.055278","5.79","CITY, UK","  40.1","24","  37.1","24","9999.9"," 0","999.9"," 0","  2.7","22","  4.5","24"," 11.1","999.9","  50.0","*","  35.6","*","99.99"," ","999.9","110000"
"03768399999","2014-01-22","51.505278","0.055278","5.79","CITY, UK","  46.9","24","  41.8","24","9999.9"," 0","999.9"," 0","  6.2","24","  6.4","24","  9.9"," 13.0","  50.0","*","  42.8","*","99.99"," ","999.9","010000"
"03768399999","2014-01-23","51.505278","0.055278","5.79","CITY, UK","  43.9","24","  37.1","24","9999.9"," 0","999.9"," 0","  6.1","20"," 11.0","24"," 18.1"," 28.0","  48.2","*","  41.0","*","99.99"," ","999.9","010000"
"03768399999","2014-01-24","51.505278","0.055278","5.79","CITY, UK","  43.2","24","  37.2","24","9999.9"," 0","999.9"," 0","  6.1","19","  6.3","24","  9.9","999.9","  48.2","*","  39.2","*","99.99"," ","999.9","010000"
"03768399999","2014-01-25","51.505278","0.055278","5.79","CITY, UK","  47.8","24","  41.2","24","9999.9"," 0","999.9"," 0","  5.1","22","  9.9","24"," 22.9"," 34.0","  53.6","*","  42.8","*","99.99"," ","999.9","010000"
"03768399999","2014-01-26","51.505278","0.055278","5.79","CITY, UK","  44.1","24","  36.7","24","9999.9"," 0","999.9"," 0","  6.1","21"," 11.2","24"," 18.1"," 28.0","  50.0","*","  39.2","*","99.99"," ","999.9","010000"
"03768399999","2014-01-27","51.505278","0.055278","5.79","CITY, UK","  42.0","24","  34.5","24","9999.9"," 0","999.9"," 0","  6.2","21"," 11.6","24"," 15.9","999.9","  48.2","*","  37.4","*","99.99"," ","999.9","010000"
"03768399999","2014-01-28","51.505278","0.055278","5.79","CITY, UK","  44.5","24","  38.6","24","9999.9"," 0","999.9"," 0","  6.0","24","  8.5","24"," 14.0","999.9","  50.0","*","  41.0","*","99.99"," ","999.9","011000"
"03768399999","2014-01-29","51.505278","0.055278","5.79","CITY, UK","  41.4","24","  37.5","24","9999.9"," 0","999.9"," 0","  5.7","24"," 10.1","24"," 15.0","999.9","  42.8","*","  39.2","*","99.99"," ","999.9","010000"
"03768399999","2014-01-30","51.505278","0.055278","5.79","CITY, UK","  41.4","24","  38.3","24","9999.9"," 0","999.9"," 0","  4.8","24","  5.3","24","  8.0","999.9","  44.6","*","  39.2","*","99.99"," ","999.9","010000"
"03768399999","2014-01-31","51.505278","0.055278","5.79","CITY, UK","  42.8","24","  38.9","24","9999.9"," 0","999.9"," 0","  5.1","24","  8.4","24"," 15.9"," 25.1","  50.0","*","  37.4","*","99.99"," ","999.9","010000"
"03768399999","2014-02-01","51.505278","0.055278","5.79","CITY, UK","  46.4","24","  37.5","24","9999.9"," 0","999.9"," 0","  5.8","24"," 13.8","24"," 18.1"," 28.9","  50.0","*","  42.8","*","99.99"," ","999.9","010000"
"03768399999","2014-02-02","51.505278","0.055278","5.79","CITY, UK","  46.6","24","  36.8","24","9999.9"," 0","999.9"," 0","  6.2","21"," 10.1","24"," 15.9"," 22.9","  51.8","*","  44.6","*"," 0.00","I","999.9","000000"
"03768399999","2014-02-03","51.505278","0.055278","5.79","CITY, UK","  43.6","24","  37.0","24","9999.9"," 0","999.9"," 0","  6.2","23"," 10.0","24"," 15.0"," 21.0","  48.2","*","  41.0","*"," 0.00","I","999.9","000000"
"03768399999","2014-02-04","51.505278","0.055278","5.79","CITY, UK","  45.4","24","  36.8","24","9999.9"," 0","999.9"," 0","  6.2","24"," 11.5","24"," 19.0"," 31.1","  48.2","*","  42.8","*","99.99"," ","999.9","010000"
"03768399999","2014-02-05","51.505278","0.055278","5.79","CITY, UK","  47.4","24","  39.0","24","9999.9"," 0","999.9"," 0","  5.9","24"," 16.2","24"," 21.0"," 42.0","  51.8","*","  42.8","*","99.99"," ","999.9","010000"
"03768399999","2014-02-06","51.505278","0.055278","5.79","CITY, UK","  47.4","24","  40.9","24","9999.9"," 0","999.9"," 0","  5.9","24"," 11.2","24"," 20.0"," 31.1","  51.8","*","  42.8","*","99.99"," ","999.9","010000"
"03768399999","2014-02-07","51.505278","0.055278","5.79","CITY, UK","  47.1","24","  39.0","24","9999.9"," 0","999.9"," 0","  5.9","24"," 11.3","24"," 19.0"," 28.0","  51.8","*","  41.0","*","99.99"," ","999.9","010000"
"03768399999","2014-02-08","51.505278","0.055278","5.79","CITY, UK","  47.1","24","  39.2","24","9999.9"," 0","999.9"," 0","  6.0","24"," 16.7","24"," 25.1"," 42.0","  50.0","*","  44.6","*","99.99"," ","999.9","010000"
"03768399999","2014-02-09","51.505278","0.055278","5.79","CITY, UK","  45.8","24","  32.8","24","9999.9"," 0","999.9"," 0","  6.2","21"," 16.6","24"," 22.9"," 35.0","  50.0","*","  42.8","*","99.99"," ","999.9","010000"
"03768399999","2014-02-10","51.505278","0.055278","5.79","CITY, UK","  43.2","24","  37.8","24","9999.9"," 0","999.9"," 0","  6.2","24","  6.9","24"," 15.0","999.9","  50.0","*","  39.2","*","99.99"," ","999.9","010000"
"03768399999","2014-02-11","51.505278","0.055278","5.79","CITY, UK","  43.3","24","  34.3","24","9999.9"," 0","999.9"," 0","  6.1","21"," 11.7","24"," 22.0"," 35.9","  48.2","*","  39.2","*","99.99"," ","999.9","010000"
"03768399999","2014-02-12","51.505278","0.055278","5.79","CITY, UK","  44.4","24","  35.5","24","9999.9"," 0","999.9"," 0","  6.0","23"," 14.5","24"," 22.9"," 36.9","  48.2","*","  39.2","*","99.99"," ","999.9","010000"
"03768399999","2014-02-13","51.505278","0.055278","5.79","CITY, UK","  43.5","24","  32.2","24","9999.9"," 0","999.9"," 0","  6.2","20"," 12.9","24"," 20.0"," 27.0","  46.4","*","  41.0","*","99.99"," ","999.9","010000"
"03768399999","2014-02-14","51.505278","0.055278","5.79","CITY, UK","  46.3","24","  39.1","24","9999.9"," 0","999.9"," 0","  5.8","24"," 13.9","24"," 28.9"," 44.1","  55.4","*","  39.2","*","99.99"," ","999.9","010000"
"03768399999","2014-02-15","51.505278","0.055278","5.79","CITY, UK","  48.4","24","  37.2","24","9999.9"," 0","999.9"," 0","  6.2","24"," 19.7","24"," 28.9"," 46.0","  51.8","*","  42.8","*","99.99"," ","999.9","010000"
"03768399999","2014-02-16","51.505278","0.055278","5.79","CITY, UK","  44.2","24","  35.2","24","9999.9"," 0","999.9"," 0","  6.2","23","  8.1","24"," 12.0","999.9","  50.0","*","  39.2","*"," 0.00","I","999.9","000000"
"03768399999","2014-02-17","51.505278","0.055278","5.79","CITY, UK","  47.4","24","  40.9","24","9999.9"," 0","999.9"," 0","  6.2","23","  7.4","24"," 13.0"," 22.9","  51.8","*","  41.0","*","99.99"," ","999.9","010000"
"03768399999","2014-02-18","51.505278","0.055278","5.79","CITY, UK","  48.4","24","  42.8","24","9999.9"," 0","999.9"," 0","  6.2","23","  7.1","24"," 13.0","999.9","  51.8","*","  44.6","*","99.99"," ","999.9","010000"
"03768399999","2014-02-19","51.505278","0.055278","5.79","CITY, UK","  47.1","24","  41.9","24","9999.9"," 0","999.9"," 0","  6.0","24","  8.1","24"," 12.0","999.9","  51.8","*","  42.8","*"," 0.00","I","999.9","000000"
"03768399999","2014-02-20","51.505278","0.055278","5.79","CITY, UK","  51.4","24","  45.0","24","9999.9"," 0","999.9"," 0","  6.1","24"," 11.1","24"," 18.1"," 27.0","  55.4","*","  44.6","*","99.99"," ","999.9","010000"
"03768399999","2014-02-21","51.505278","0.055278","5.79","CITY, UK","  45.6","24","  35.0","24","9999.9"," 0","999.9"," 0","  6.2","20"," 11.7","24"," 19.0"," 27.0","  51.8","*","  41.0","*"," 0.00","I","999.9","000000"
"03768399999","2014-02-22","51.505278","0.055278","5.79","CITY, UK","  47.4","24","  36.3","24","9999.9"," 0","999.9"," 0","  6.2","21"," 11.1","24"," 14.0","999.9","  53.6","*","  42.8","*"," 0.00","I","999.9","000000"
"03768399999","2014-02-23","51.505278","0.055278","5.79","CITY, UK","  51.6","24","  42.8","24","9999.9"," 0","999.9"," 0","  6.2","22"," 13.3","24"," 19.0"," 29.9","  55.4","*","  48.2","*","99.99"," ","999.9","010000"
"03768399999","2014-02-24","51.505278","0.055278","5.79","CITY, UK","  52.3","24","  42.0","24","9999.9"," 0","999.9"," 0","  6.2","19"," 10.4","24"," 14.0"," 24.1","  57.2","*","  46.4","*"," 0.00","I","999.9","000000"
"03768399999","2014-02-25","51.505278","0.055278","5.79","CITY, UK","  49.6","24","  40.5","24","9999.9"," 0","999.9"," 0","  6.2","24"," 11.3","24"," 19.0"," 28.9","  53.6","*","  44.6","*","99.99"," ","999.9","010000"
"03768399999","2014-02-26","51.505278","0.055278","5.79","CITY, UK","  47.0","24","  36.6","24","9999.9"," 0","999.9"," 0","  6.2","17","  8.0","24"," 15.0"," 27.0","  53.6","*","  42.8","*"," 0.00","I","999.9","000000"
"03768399999","2014-02-27","51.505278","0.055278","5.79","CITY, UK","  47.1","24","  37.2","24","9999.9"," 0","999.9"," 0","  6.2","23"," 10.9","24"," 15.9"," 22.9","  53.6","*","  41.0","*","99.99"," ","999.9","010000"
"03768399999","2014-02-28","51.505278","0.055278","5.79","CITY, UK","  42.0","24","  37.9","24","9999.9"," 0","999.9"," 0","  6.2","24","  8.7","24"," 15.9","999.9","  46.4","*","  39.2","*","99.99"," ","999.9","010000"
"03768399999","2014-03-01","51.505278","0.055278","5.79","CITY, UK","  42.7","24","  35.9","24","9999.9"," 0","999.9"," 0","  5.3","24","  5.2","24","  8.9","999.9","  48.2","*","  39.2","*"," 0.00","I","999.9","000000"
"03768399999","2014-03-02","51.505278","0.055278","5.79","CITY, UK","  45.5","24","  39.0","24","9999.9"," 0","999.9"," 0","  6.1","24"," 10.1","24"," 15.9"," 28.0","  51.8","*","  39.2","*","99.99"," ","999.9","010000"
"03768399999","2014-03-03","51.505278","0.055278","5.79","CITY, UK","  43.6","24","  38.7","24","9999.9"," 0","999.9"," 0","  6.2","20","  5.7","24"," 11.1","999.9","  46.4","*","  41.0","*","99.99"," ","999.9","010000"
"03768399999","2014-03-04","51.505278","0.055278","5.79","CITY, UK","  44.2","24","  36.7","24","9999.9"," 0","999.9"," 0","  6.0","22","  5.8","24"," 11.1","999.9","  51.8","*","  37.4","*"," 0.00","I","999.9","000000"
"03768399999","2014-03-05","51.505278","0.055278","5.79","CITY, UK","  46.9","24","  36.4","24","9999.9"," 0","999.9"," 0","  6.2","13","  5.7","24","  9.9","999.9","  57.2","*","  37.4","*"," 0.00","I","999.9","000000"
"03768399999","2014-03-06","51.505278","0.055278","5.79","CITY, UK","  49.6","24","  40.9","24","9999.9"," 0","999.9"," 0","  6.2","17","  7.8","24"," 15.9"," 25.1","  57.2","*","  44.6","*"," 0.00","I","999.9","000000"
"03768399999","2014-03-07","51.505278","0.055278","5.79","CITY, UK","  52.2","24","  42.6","24","9999.9"," 0","999.9"," 0","  6.2","24","  7.6","24"," 14.0"," 22.9","  60.8","*","  46.4","*"," 0.00","I","999.9","000000"
"03768399999","2014-03-08","51.505278","0.055278","5.79","CITY, UK","  53.5","24","  39.2","24","9999.9"," 0","999.9"," 0","  5.7","23","  9.2","24"," 15.0","999.9","  60.8","*","  46.4","*"," 0.00","I","999.9","000000"
"03768399999","2014-03-09","51.505278","0.055278","5.79","CITY, UK","  56.8","24","  39.4","24","9999.9"," 0","999.9"," 0","  4.7","16","  5.6","24","  8.9","999.9","  68.0","*","  48.2","*"," 0.00","I","999.9","000000"
"03768399999","2014-03-10","51.505278","0.055278","5.79","CITY, UK","  48.9","24","  41.4","24","9999.9"," 0","999.9"," 0","  6.1","20","  6.7","24"," 12.0","999.9","  55.4","*","  42.8","*"," 0.00","I","999.9","000000"
"03768399999","2014-03-11","51.505278","0.055278","5.79","CITY, UK","  47.1","24","  41.8","24","9999.9"," 0","999.9"," 0","  6.0","23","  8.4","24","  9.9","999.9","  53.6","*","  44.6","*"," 0.00","I","999.9","000000"
"03768399999","2014-03-12","51.505278","0.055278","5.79","CITY, UK","  47.8","24","  41.7","24","9999.9"," 0","999.9"," 0","  4.7","24","  4.5","24","  8.0","999.9","  59.0","*","  39.2","*"," 0.00","I","999.9","100000"
"03768399999","2014-03-13","51.505278","0.055278","5.79","CITY, UK","  49.6","24","  42.7","24","9999.9"," 0","999.9"," 0","  1.8","22","  3.3","24","  8.0","999.9","  62.6","*","  41.0","*"," 0.00","I","999.9","100000"
"03768399999","2014-03-14","51.505278","0.055278","5.79","CITY, UK","  49.7","24","  40.8","24","9999.9"," 0","999.9"," 0","  2.3","21","  6.4","24"," 13.0","999.9","  62.6","*","  39.2","*","99.99"," ","999.9","110000"
"03768399999","2014-03-15","51.505278","0.055278","5.79","CITY, UK","  54.3","24","  40.3","24","9999.9"," 0","999.9"," 0","  5.9","18"," 11.9","24"," 15.9","999.9","  64.4","*","  48.2","*"," 0.00","I","999.9","000000"
"03768399999","2014-03-16","51.505278","0.055278","5.79","CITY, UK","  56.4","24","  42.2","24","9999.9"," 0","999.9"," 0","  6.2","15"," 10.5","24"," 14.0","999.9","  66.2","*","  48.2","*"," 0.00","I","999.9","000000"
"03768399999","2014-03-17","51.505278","0.055278","5.79","CITY, UK","  52.0","24","  43.4","24","9999.9"," 0","999.9"," 0","  6.0","19","  8.6","24"," 12.0","999.9","  57.2","*","  46.4","*"," 0.00","I","999.9","000000"
"03768399999","2014-03-18","51.505278","0.055278","5.79","CITY, UK","  52.0","24","  41.5","24","9999.9"," 0","999.9"," 0","  6.2","22"," 13.4","24"," 22.0"," 31.1","  57.2","*","  46.4","*","99.99"," ","999.9","010000"
"03768399999","2014-03-19","51.505278","0.055278","5.79","CITY, UK","  52.2","24","  41.7","24","9999.9"," 0","999.9"," 0","  6.2","10"," 10.5","24"," 15.0","999.9","  60.8","*","  46.4","*"," 0.00","I","999.9","000000"
"03768399999","2014-03-20","51.505278","0.055278","5.79","CITY, UK","  51.9","24","  44.5","24","9999.9"," 0","999.9"," 0","  5.6","24"," 14.4","24"," 21.0"," 28.9","  57.2","*","  46.4","*","99.99"," ","999.9","010000"
"03768399999","2014-03-21","51.505278","0.055278","5.79","CITY, UK","  49.3","24","  37.9","24","9999.9"," 0","999.9"," 0","  6.2","22"," 11.4","24"," 18.1"," 26.0","  53.6","*","  46.4","*","99.99"," ","999.9","010000"
"03768399999","2014-03-22","51.505278","0.055278","5.79","CITY, UK","  46.2","24","  35.4","24","9999.9"," 0","999.9"," 0","  6.2","24"," 12.3","24"," 19.0"," 28.9","  51.8","*","  41.0","*","99.99"," ","999.9","010000"
"03768399999","2014-03-23","51.505278","0.055278","5.79","CITY, UK","  43.9","24","  35.1","24","9999.9"," 0","999.9"," 0","  6.2","24","  9.8","24"," 18.1"," 26.0","  50.0","*","  37.4","*","99.99"," ","999.9","010000"
"03768399999","2014-03-24","51.505278","0.055278","5.79","CITY, UK","  44.2","24","  33.6","24","9999.9"," 0","999.9"," 0","  6.2","19","  6.4","24"," 12.0","999.9","  51.8","*","  35.6","*"," 0.00","I","999.9","000000"
"03768399999","2014-03-25","51.505278","0.055278","5.79","CITY, UK","  45.7","24","  38.6","24","9999.9"," 0","999.9"," 0","  6.0","22","  8.7","24"," 14.0","999.9","  50.0","*","  41.0","*","99.99"," ","999.9","010000"
"03768399999","2014-03-26","51.505278","0.055278","5.79","CITY, UK","  41.2","24","  36.3","24","9999.9"," 0","999.9"," 0","  5.2","24","  5.5","24"," 15.0","999.9","  48.2","*","  37.4","*","99.99"," ","999.9","010000"
"03768399999","2014-03-27","51.505278","0.055278","5.79","CITY, UK","  43.8","24","  37.0","24","9999.9"," 0","999.9"," 0","  5.8","23","  6.4","24"," 14.0","999.9","  51.8","*","  37.4","*","99.99"," ","999.9","010000"
"03768399999","2014-03-28","51.505278","0.055278","5.79","CITY, UK","  46.6","24","  40.3","24","9999.9"," 0","999.9"," 0","  2.9","22","  7.6","24"," 13.0","999.9","  55.4","*","  39.2","*"," 0.00","I","999.9","100000"
"03768399999","2014-03-29","51.505278","0.055278","5.79","CITY, UK","  53.5","24","  44.4","24","9999.9"," 0","999.9"," 0","  3.7","24","  9.3","24"," 15.9"," 26.0","  66.2","*","  44.6","*"," 0.00","I","999.9","000000"
"03768399999","2014-03-30","51.505278","0.055278","5.79","CITY, UK","  55.4","24","  44.1","24","9999.9"," 0","999.9"," 0","  3.5","16","  5.1","24","  8.9","999.9","  68.0","*","  46.4","*"," 0.00","I","999.9","000000"
"03768399999","2014-03-31","51.505278","0.055278","5.79","CITY, UK","  56.4","24","  47.4","24","9999.9"," 0","999.9"," 0","  4.4","13","  5.0","24","  8.9","999.9","  62.6","*","  51.8","*","99.99"," ","999.9","010000"
"03768399999","2014-04-01","51.505278","0.055278","5.79","CITY, UK","  56.8","24","  48.0","24","9999.9"," 0","999.9"," 0","  4.7","20","  3.3","24","  9.9","999.9","  68.0","*","  48.2","*","99.99"," ","999.9","010000"
"03768399999","2014-04-02","51.505278","0.055278","5.79","CITY, UK","  55.2","24","  49.1","24","9999.9"," 0","999.9"," 0","  3.2","24","  9.0","24"," 13.0","999.9","  64.4","*","  50.0","*"," 0.00","I","999.9","000000"
"03768399999","2014-04-03","51.505278","0.055278","5.79","CITY, UK","  56.5","24","  49.9","24","9999.9"," 0","999.9"," 0","  3.5","24","  6.8","24","  9.9","999.9","  64.4","*","  51.8","*"," 0.00","I","999.9","000000"
"03768399999","2014-04-04","51.505278","0.055278","5.79","CITY, UK","  56.1","24","  46.5","24","9999.9"," 0","999.9"," 0","  4.8","24","  8.5","24"," 13.0","999.9","  59.0","*","  51.8","*"," 0.00","I","999.9","000000"
"03768399999","2014-04-05","51.505278","0.055278","5.79","CITY, UK","  54.4","24","  47.6","24","9999.9"," 0","999.9"," 0","  6.2","24","  8.5","24"," 14.0","999.9","  60.8","*","  46.4","*"," 0.00","I","999.9","000000"
"03768399999","2014-04-06","51.505278","0.055278","5.79","CITY, UK","  57.8","24","  53.3","24","9999.9"," 0","999.9"," 0","  6.2","24"," 11.9","24"," 18.1","999.9","  60.8","*","  55.4","*","99.99"," ","999.9","010000"
"03768399999","2014-04-07","51.505278","0.055278","5.79","CITY, UK","  56.4","24","  51.6","24","9999.9"," 0","999.9"," 0","  6.2","24"," 11.2","24"," 20.0"," 26.0","  59.0","*","  48.2","*","99.99"," ","999.9","010000"
"03768399999","2014-04-08","51.505278","0.055278","5.79","CITY, UK","  50.5","24","  36.9","24","9999.9"," 0","999.9"," 0","  6.2","21"," 13.9","24"," 21.0"," 22.9","  55.4","*","  44.6","*","99.99"," ","999.9","010000"
"03768399999","2014-04-09","51.505278","0.055278","5.79","CITY, UK","  53.3","24","  41.7","24","9999.9"," 0","999.9"," 0","  6.2","18","  7.9","24","  9.9","999.9","  62.6","*","  42.8","*"," 0.00","I","999.9","000000"
"03768399999","2014-04-10","51.505278","0.055278","5.79","CITY, UK","  54.6","24","  40.8","24","9999.9"," 0","999.9"," 0","  6.2","15","  5.8","24","  8.0","999.9","  62.6","*","  46.4","*"," 0.00","I","999.9","000000"
"03768399999","2014-04-11","51.505278","0.055278","5.79","CITY, UK","  55.2","24","  40.0","24","9999.9"," 0","999.9"," 0","  6.0","12","  5.8","24","  8.9","999.9","  60.8","*","  48.2","*"," 0.00","I","999.9","000000"
"03768399999","2014-04-12","51.505278","0.055278","5.79","CITY, UK","  53.1","24","  41.5","24","9999.9"," 0","999.9"," 0","  6.1","19","  9.5","24"," 15.9","999.9","  59.0","*","  48.2","*"," 0.00","I","999.9","000000"
"03768399999","2014-04-13","51.505278","0.055278","5.79","CITY, UK","  54.8","24","  40.8","24","9999.9"," 0","999.9"," 0","  6.2","18","  9.4","24"," 15.9","999.9","  60.8","*","  50.0","*"," 0.00","I","999.9","000000"
"03768399999","2014-04-14","51.505278","0.055278","5.79","CITY, UK","  52.8","24","  37.6","24","9999.9"," 0","999.9"," 0","  6.2","13","  9.3","24"," 14.0","999.9","  59.0","*","  46.4","*"," 0.00","I","999.9","000000"
"03768399999","2014-04-15","51.505278","0.055278","5.79","CITY, UK","  48.4","24","  36.1","24","9999.9"," 0","999.9"," 0","  6.2","18","  6.8","24"," 13.0","999.9","  57.2","*","  41.0","*"," 0.00","I","999.9","000000"
"03768399999","2014-04-16","51.505278","0.055278","5.79","CITY, UK","  51.1","24","  34.7","24","9999.9"," 0","999.9"," 0","  6.2","10","  5.9","24","  9.9","999.9","  60.8","*","  41.0","*"," 0.00","I","999.9","000000"
"03768399999","2014-04-17","51.505278","0.055278","5.79","CITY, UK","  55.4","24","  39.8","24","9999.9"," 0","999.9"," 0","  6.2","16","  8.7","24"," 14.0","999.9","  62.6","*","  48.2","*"," 0.00","I","999.9","000000"
"03768399999","2014-04-18","51.505278","0.055278","5.79","CITY, UK","  49.5","24","  36.2","24","9999.9"," 0","999.9"," 0","  6.2","24","  8.3","24"," 12.0","999.9","  53.6","*","  44.6","*"," 0.00","I","999.9","000000"
"03768399999","2014-04-19","51.505278","0.055278","5.79","CITY, UK","  48.6","24","  36.9","24","9999.9"," 0","999.9"," 0","  6.2","23","  9.1","24"," 15.0","999.9","  55.4","*","  42.8","*"," 0.00","I","999.9","000000"
"03768399999","2014-04-20","51.505278","0.055278","5.79","CITY, UK","  51.1","24","  47.5","24","9999.9"," 0","999.9"," 0","  3.8","24","  7.8","24"," 15.0","999.9","  55.4","*","  46.4","*","99.99"," ","999.9","010000"
"03768399999","2014-04-21","51.505278","0.055278","5.79","CITY, UK","  55.0","24","  47.8","24","9999.9"," 0","999.9"," 0","  3.6","22","  5.2","24"," 13.0","999.9","  66.2","*","  42.8","*","99.99"," ","999.9","010000"
"03768399999","2014-04-22","51.505278","0.055278","5.79","CITY, UK","  55.2","24","  47.9","24","9999.9"," 0","999.9"," 0","  5.1","24","  7.4","24"," 13.0","999.9","  62.6","*","  50.0","*","99.99"," ","999.9","010000"
"03768399999","2014-04-23","51.505278","0.055278","5.79","CITY, UK","  56.1","24","  46.4","24","9999.9"," 0","999.9"," 0","  6.2","21","  6.4","24","  9.9"," 18.1","  62.6","*","  48.2","*","99.99"," ","999.9","010000"
"03768399999","2014-04-24","51.505278","0.055278","5.79","CITY, UK","  56.4","24","  48.0","24","9999.9"," 0","999.9"," 0","  6.2","23","  5.0","24","  9.9","999.9","  62.6","*","  51.8","*"," 0.00","I","999.9","000000"
"03768399999","2014-04-25","51.505278","0.055278","5.79","CITY, UK","  52.2","24","  49.1","24","9999.9"," 0","999.9"," 0","  4.1","24","  6.1","24"," 11.1","999.9","  57.2","*","  50.0","*","99.99"," ","999.9","010000"
"03768399999","2014-04-26","51.505278","0.055278","5.79","CITY, UK","  54.1","24","  44.0","24","9999.9"," 0","999.9"," 0","  6.0","24"," 10.3","24"," 15.0"," 28.0","  60.8","*","  50.0","*","99.99"," ","999.9","010000"
"03768399999","2014-04-27","51.505278","0.055278","5.79","CITY, UK","  53.5","24","  45.9","24","9999.9"," 0","999.9"," 0","  6.1","24"," 10.7","24"," 17.1","999.9","  59.0","*","  50.0","*","99.99"," ","999.9","010000"
"03768399999","2014-04-28","51.505278","0.055278","5.79","CITY, UK","  55.7","24","  47.5","24","9999.9"," 0","999.9"," 0","  4.6","24","  8.0","24"," 15.0","999.9","  62.6","*","  50.0","*"," 0.00","I","999.9","000000"
"03768399999","2014-04-29","51.505278","0.055278","5.79","CITY, UK","  55.5","24","  49.6","24","9999.9"," 0","999.9"," 0","  4.3","24","  7.0","24"," 13.0","999.9","  60.8","*","  50.0","*"," 0.00","I","999.9","000000"
"03768399999","2014-04-30","51.505278","0.055278","5.79","CITY, UK","  56.5","24","  46.2","24","9999.9"," 0","999.9"," 0","  3.5","20","  4.9","24"," 12.0","999.9","  68.0","*","  48.2","*"," 0.00","I","999.9","100000"
"03768399999","2014-05-01","51.505278","0.055278","5.79","CITY, UK","  53.1","24","  50.2","24","9999.9"," 0","999.9"," 0","  4.3","24","  3.9","24","  9.9","999.9","  57.2","*","  50.0","*","99.99"," ","999.9","010000"
"03768399999","2014-05-02","51.505278","0.055278","5.79","CITY, UK","  50.5","24","  43.7","24","9999.9"," 0","999.9"," 0","  5.5","24","  7.0","24"," 11.1","999.9","  53.6","*","  42.8","*","99.99"," ","999.9","010000"
"03768399999","2014-05-03","51.505278","0.055278","5.79","CITY, UK","  48.4","24","  33.9","24","9999.9"," 0","999.9"," 0","  6.2","22","  4.3","24","  8.9","999.9","  57.2","*","  39.2","*"," 0.00","I","999.9","000000"
"03768399999","2014-05-04","51.505278","0.055278","5.79","CITY, UK","  53.0","24","  38.7","24","9999.9"," 0","999.9"," 0","  6.2","16","  4.6","24","  8.0","999.9","  62.6","*","  42.8","*"," 0.00","I","999.9","000000"
"03768399999","2014-05-05","51.505278","0.055278","5.79","CITY, UK","  57.4","24","  41.4","24","9999.9"," 0","999.9"," 0","  6.2","13","  6.5","24"," 12.0","999.9","  64.4","*","  44.6","*"," 0.00","I","999.9","000000"
"03768399999","2014-05-06","51.505278","0.055278","5.79","CITY, UK","  59.4","24","  46.2","24","9999.9"," 0","999.9"," 0","  6.2","19"," 10.4","24"," 15.0"," 24.1","  66.2","*","  53.6","*","99.99"," ","999.9","010000"
"03768399999","2014-05-07","51.505278","0.055278","5.79","CITY, UK","  57.3","24","  45.3","24","9999.9"," 0","999.9"," 0","  6.2","24"," 13.3","24"," 20.0"," 21.0","  62.6","*","  53.6","*","99.99"," ","999.9","010000"
"03768399999","2014-05-08","51.505278","0.055278","5.79","CITY, UK","  56.5","24","  50.3","24","9999.9"," 0","999.9"," 0","  6.0","24"," 12.8","24"," 17.1"," 29.9","  60.8","*","  53.6","*","99.99"," ","999.9","010000"
"03768399999","2014-05-09","51.505278","0.055278","5.79","CITY, UK","  58.1","24","  43.5","24","9999.9"," 0","999.9"," 0","  6.2","21"," 16.2","24"," 22.9"," 31.1","  64.4","*","  53.6","*"," 0.00","I","999.9","000000"
"03768399999","2014-05-10","51.505278","0.055278","5.79","CITY, UK","  56.4","24","  48.2","24","9999.9"," 0","999.9"," 0","  6.2","24"," 15.3","24"," 24.1"," 34.0","  64.4","*","  51.8","*","99.99"," ","999.9","010000"
"03768399999","2014-05-11","51.505278","0.055278","5.79","CITY, UK","  53.6","24","  41.0","24","9999.9"," 0","999.9"," 0","  6.2","24"," 17.4","24"," 22.0"," 34.0","  59.0","*","  50.0","*","99.99"," ","999.9","010000"
"03768399999","2014-05-12","51.505278","0.055278","5.79","CITY, UK","  54.3","24","  42.3","24","9999.9"," 0","999.9"," 0","  6.2","22"," 10.0","24"," 14.0","999.9","  62.6","*","  50.0","*","99.99"," ","999.9","010000"
"03768399999","2014-05-13","51.505278","0.055278","5.79","CITY, UK","  53.1","24","  45.7","24","9999.9"," 0","999.9"," 0","  6.2","24","  6.0","24"," 11.1","999.9","  59.0","*","  48.2","*","99.99"," ","999.9","010000"
"03768399999","2014-05-14","51.505278","0.055278","5.79","CITY, UK","  56.4","24","  43.9","24","9999.9"," 0","999.9"," 0","  6.2","14","  6.9","24","  9.9","999.9","  66.2","*","  48.2","*"," 0.00","I","999.9","000000"
"03768399999","2014-05-15","51.505278","0.055278","5.79","CITY, UK","  58.5","24","  46.0","24","9999.9"," 0","999.9"," 0","  6.2","11","  4.7","24","  9.9","999.9","  68.0","*","  48.2","*"," 0.00","I","999.9","000000"
"03768399999","2014-05-16","51.505278","0.055278","5.79","CITY, UK","  61.8","24","  47.6","24","9999.9"," 0","999.9"," 0","  6.0","10","  3.9","24","  7.0","999.9","  71.6","*","  50.0","*"," 0.00","I","999.9","000000"
"03768399999","2014-05-17","51.505278","0.055278","5.79","CITY, UK","  65.4","24","  51.6","24","9999.9"," 0","999.9"," 0","  6.1","20","  4.2","24","  7.0","999.9","  73.4","*","  55.4","*"," 0.00","I","999.9","000000"
"03768399999","2014-05-18","51.505278","0.055278","5.79","CITY, UK","  66.5","24","  50.1","24","9999.9"," 0","999.9"," 0","  5.8","17","  5.6","24"," 11.1","999.9","  75.2","*","  57.2","*"," 0.00","I","999.9","000000"
"03768399999","2014-05-19","51.505278","0.055278","5.79","CITY, UK","  66.9","24","  51.7","24","9999.9"," 0","999.9"," 0","  3.4","11","  9.3","24"," 15.0","999.9","  77.0","*","  55.4","*"," 0.00","I","999.9","000000"
"03768399999","2014-05-20","51.505278","0.055278","5.79","CITY, UK","  64.3","24","  52.5","24","9999.9"," 0","999.9"," 0","  5.9","20","  7.5","24"," 12.0"," 18.1","  69.8","*","  57.2","*"," 0.00","I","999.9","000000"
"03768399999","2014-05-21","51.505278","0.055278","5.79","CITY, UK","  60.0","24","  48.9","24","9999.9"," 0","999.9"," 0","  5.9","16","  7.3","24"," 12.0","999.9","  66.2","*","  55.4","*","99.99"," ","999.9","010000"
"03768399999","2014-05-22","51.505278","0.055278","5.79","CITY, UK","  59.3","24","  51.4","24","9999.9"," 0","999.9"," 0","  6.1","23","  8.1","24"," 15.0"," 20.0","  64.4","*","  55.4","*","99.99"," ","999.9","010000"
"03768399999","2014-05-23","51.505278","0.055278","5.79","CITY, UK","  59.1","24","  45.2","24","9999.9"," 0","999.9"," 0","  6.2","22","  8.5","24"," 14.0"," 22.9","  64.4","*","  55.4","*","99.99"," ","999.9","010000"
"03768399999","2014-05-24","51.505278","0.055278","5.79","CITY, UK","  55.6","24","  48.2","24","9999.9"," 0","999.9"," 0","  6.1","24","  6.9","24"," 12.0","999.9","  62.6","*","  51.8","*","99.99"," ","999.9","010000"
"03768399999","2014-05-25","51.505278","0.055278","5.79","CITY, UK","  58.2","24","  44.4","24","9999.9"," 0","999.9"," 0","  6.2","20","  7.6","24"," 12.0","999.9","  64.4","*","  51.8","*","99.99"," ","999.9","010000"
"03768399999","2014-05-26","51.505278","0.055278","5.79","CITY, UK","  56.4","24","  49.5","24","9999.9"," 0","999.9"," 0","  6.1","20","  6.0","24"," 11.1","999.9","  60.8","*","  51.8","*","99.99"," ","999.9","010000"
"03768399999","2014-05-27","51.505278","0.055278","5.79","CITY, UK","  54.8","24","  52.8","24","9999.9"," 0","999.9"," 0","  5.2","24","  8.3","24"," 11.1","999.9","  55.4","*","  51.8","*","99.99"," ","999.9","010000"
"03768399999","2014-05-28","51.505278","0.055278","5.79","CITY, UK","  55.8","24","  52.5","24","9999.9"," 0","999.9"," 0","  5.8","24","  6.3","24","  9.9","999.9","  59.0","*","  51.8","*","99.99"," ","999.9","010000"
"03768399999","2014-05-29","51.505278","0.055278","5.79","CITY, UK","  60.0","24","  53.8","24","9999.9"," 0","999.9"," 0","  5.5","24","  8.1","24"," 13.0","999.9","  64.4","*","  55.4","*"," 0.00","I","999.9","000000"
"03768399999","2014-05-30","51.505278","0.055278","5.79","CITY, UK","  57.7","24","  48.9","24","9999.9"," 0","999.9"," 0","  6.0","24","  7.5","24"," 11.1","999.9","  62.6","*","  53.6","*"," 0.00","I","999.9","000000"
"03768399999","2014-05-31","51.505278","0.055278","5.79","CITY, UK","  59.1","24","  45.7","24","9999.9"," 0","999.9"," 0","  6.2","21","  4.1","24","  7.0","999.9","  66.2","*","  48.2","*"," 0.00","I","999.9","000000"
"03768399999","2014-06-01","51.505278","0.055278","5.79","CITY, UK","  62.7","24","  48.6","24","9999.9"," 0","999.9"," 0","  6.1","17","  5.3","24"," 11.1","999.9","  71.6","*","  57.2","*"," 0.00","I","999.9","000000"
"03768399999","2014-06-02","51.505278","0.055278","5.79","CITY, UK","  63.4","24","  51.9","24","9999.9"," 0","999.9"," 0","  6.2","23","  5.9","24","  9.9","999.9","  69.8","*","  57.2","*","99.99"," ","999.9","010000"
"03768399999","2014-06-03","51.505278","0.055278","5.79","CITY, UK","  60.7","24","  51.9","24","9999.9"," 0","999.9"," 0","  6.2","24","  7.0","24"," 14.0","999.9","  68.0","*","  57.2","*","99.99"," ","999.9","010000"
"03768399999","2014-06-04","51.505278","0.055278","5.79","CITY, UK","  55.4","24","  48.1","24","9999.9"," 0","999.9"," 0","  6.2","24","  8.2","24"," 18.1"," 26.0","  59.0","*","  48.2","*","99.99"," ","999.9","010000"
"03768399999","2014-06-05","51.505278","0.055278","5.79","CITY, UK","  58.9","24","  44.5","24","9999.9"," 0","999.9"," 0","  6.1","18"," 11.4","24"," 15.9","999.9","  68.0","*","  48.2","*","99.99"," ","999.9","010000"
"03768399999","2014-06-06","51.505278","0.055278","5.79","CITY, UK","  61.8","24","  48.0","24","9999.9"," 0","999.9"," 0","  6.2"," 9"," 10.3","24"," 18.1","999.9","  71.6","*","  50.0","*"," 0.00","I","999.9","000000"
"03768399999","2014-06-07","51.505278","0.055278","5.79","CITY, UK","  65.6","24","  55.0","24","9999.9"," 0","999.9"," 0","  6.2","23","  8.1","24"," 12.0","999.9","  73.4","*","  59.0","*","99.99"," ","999.9","010000"
"03768399999","2014-06-08","51.505278","0.055278","5.79","CITY, UK","  68.5","24","  52.0","24","9999.9"," 0","999.9"," 0","  6.2","15","  5.0","24","  8.9","999.9","  77.0","*","  57.2","*","99.99"," ","999.9","010000"
"03768399999","2014-06-09","51.505278","0.055278","5.79","CITY, UK","  68.1","24","  57.2","24","9999.9"," 0","999.9"," 0","  6.2","16","  6.8","24"," 13.0","999.9","  78.8","*","  60.8","*","99.99"," ","999.9","010000"
"03768399999","2014-06-10","51.505278","0.055278","5.79","CITY, UK","  66.4","24","  50.0","24","9999.9"," 0","999.9"," 0","  6.2","18"," 10.0","24"," 15.9","999.9","  73.4","*","  59.0","*"," 0.00","I","999.9","000000"
"03768399999","2014-06-11","51.505278","0.055278","5.79","CITY, UK","  64.8","24","  49.1","24","9999.9"," 0","999.9"," 0","  6.2","16","  6.9","24"," 11.1","999.9","  73.4","*","  55.4","*"," 0.00","I","999.9","000000"
"03768399999","2014-06-12","51.505278","0.055278","5.79","CITY, UK","  68.3","23","  50.9","23","9999.9"," 0","999.9"," 0","  6.2","12","  3.6","23","  7.0","999.9","  77.0","*","  59.0","*"," 0.00","I","999.9","000000"
"03768399999","2014-06-13","51.505278","0.055278","5.79","CITY, UK","  69.9","24","  52.2","24","9999.9"," 0","999.9"," 0","  6.2","10","  4.4","24","  9.9","999.9","  77.0","*","  60.8","*"," 0.00","I","999.9","000000"
"03768399999","2014-06-14","51.505278","0.055278","5.79","CITY, UK","  64.3","24","  54.1","24","9999.9"," 0","999.9"," 0","  6.2","24","  7.1","24"," 11.1","999.9","  68.0","*","  57.2","*","99.99"," ","999.9","010000"
"03768399999","2014-06-15","51.505278","0.055278","5.79","CITY, UK","  60.3","24","  50.0","24","9999.9"," 0","999.9"," 0","  6.2","24","  7.8","24"," 12.0"," 19.0","  64.4","*","  57.2","*","99.99"," ","999.9","010000"
"03768399999","2014-06-16","51.505278","0.055278","5.79","CITY, UK","  59.2","24","  50.1","24","9999.9"," 0","999.9"," 0","  6.2","24","  8.3","24"," 13.0","999.9","  62.6","*","  55.4","*"," 0.00","I","999.9","000000"
"03768399999","2014-06-17","51.505278","0.055278","5.79","CITY, UK","  61.6","24","  47.2","24","9999.9"," 0","999.9"," 0","  6.2","17","  9.2","24"," 12.0","999.9","  69.8","*","  57.2","*"," 0.00","I","999.9","000000"
"03768399999","2014-06-18","51.505278","0.055278","5.79","CITY, UK","  62.8","24","  52.8","24","9999.9"," 0","999.9"," 0","  6.1","24","  6.9","24"," 13.0","999.9","  69.8","*","  57.2","*","99.99"," ","999.9","010000"
"03768399999","2014-06-19","51.505278","0.055278","5.79","CITY, UK","  62.1","24","  53.7","24","9999.9"," 0","999.9"," 0","  6.1","21","  5.3","24"," 12.0","999.9","  71.6","*","  55.4","*"," 0.00","I","999.9","000000"
"03768399999","2014-06-20","51.505278","0.055278","5.79","CITY, UK","  62.8","24","  47.8","24","9999.9"," 0","999.9"," 0","  6.2","18","  4.3","24","  8.0","999.9","  71.6","*","  53.6","*"," 0.00","I","999.9","000000"
"03768399999","2014-06-21","51.505278","0.055278","5.79","CITY, UK","  67.0","24","  49.0","24","9999.9"," 0","999.9"," 0","  6.2","19","  7.0","24"," 12.0","999.9","  75.2","*","  59.0","*"," 0.00","I","999.9","000000"
"03768399999","2014-06-22","51.505278","0.055278","5.79","CITY, UK","  66.1","24","  52.0","24","9999.9"," 0","999.9"," 0","  6.2","16","  7.0","24"," 11.1","999.9","  75.2","*","  59.0","*"," 0.00","I","999.9","000000"
"03768399999","2014-06-23","51.505278","0.055278","5.79","CITY, UK","  67.0","24","  51.2","24","9999.9"," 0","999.9"," 0","  6.2","11","  3.5","24","  8.0","999.9","  75.2","*","  59.0","*"," 0.00","I","999.9","000000"
"03768399999","2014-06-24","51.505278","0.055278","5.79","CITY, UK","  66.7","24","  54.2","24","9999.9"," 0","999.9"," 0","  5.9","18","  5.8","24"," 15.0","999.9","  75.2","*","  57.2","*","99.99"," ","999.9","010000"
"03768399999","2014-06-25","51.505278","0.055278","5.79","CITY, UK","  61.2","24","  46.2","24","9999.9"," 0","999.9"," 0","  6.2","13","  7.4","24"," 11.1"," 17.1","  69.8","*","  53.6","*"," 0.00","I","999.9","000000"
"03768399999","2014-06-26","51.505278","0.055278","5.79","CITY, UK","  61.6","24","  47.8","24","9999.9"," 0","999.9"," 0","  6.2","20","  7.2","24"," 12.0","999.9","  68.0","*","  55.4","*","99.99"," ","999.9","010000"
"03768399999","2014-06-27","51.505278","0.055278","5.79","CITY, UK","  64.8","24","  52.3","24","9999.9"," 0","999.9"," 0","  6.2","24","  8.3","24"," 14.0","999.9","  71.6","*","  57.2","*","99.99"," ","999.9","010000"
"03768399999","2014-06-28","51.505278","0.055278","5.79","CITY, UK","  61.0","24","  52.6","24","9999.9"," 0","999.9"," 0","  6.2","24","  5.4","24"," 13.0","999.9","  68.0","*","  57.2","*","99.99"," ","999.9","010000"
"03768399999","2014-06-29","51.505278","0.055278","5.79","CITY, UK","  59.0","24","  50.2","24","9999.9"," 0","999.9"," 0","  6.2","24","  6.6","24"," 14.0"," 21.0","  66.2","*","  55.4","*","99.99"," ","999.9","010000"
"03768399999","2014-06-30","51.505278","0.055278","5.79","CITY, UK","  61.2","24","  50.2","24","9999.9"," 0","999.9"," 0","  6.2","21","  5.2","24"," 11.1","999.9","  68.0","*","  53.6","*"," 0.00","I","999.9","000000"
"03768399999","2014-07-01","51.505278","0.055278","5.79","CITY, UK","  64.3","24","  47.4","24","9999.9"," 0","999.9"," 0","  6.2","12","  8.2","24"," 15.0","999.9","  73.4","*","  57.2","*"," 0.00","I","999.9","000000"
"03768399999","2014-07-02","51.505278","0.055278","5.79","CITY, UK","  66.3","24","  49.5","24","9999.9"," 0","999.9"," 0","  6.2","13","  4.9","24"," 11.1","999.9","  77.0","*","  55.4","*"," 0.00","I","999.9","000000"
"03768399999","2014-07-03","51.505278","0.055278","5.79","CITY, UK","  70.9","24","  49.0","24","9999.9"," 0","999.9"," 0","  6.2","10","  9.7","24"," 14.0","999.9","  78.8","*","  60.8","*"," 0.00","I","999.9","000000"
"03768399999","2014-07-04","51.505278","0.055278","5.79","CITY, UK","  69.8","24","  53.8","24","9999.9"," 0","999.9"," 0","  6.2","14"," 10.8","24"," 15.9"," 22.9","  78.8","*","  60.8","*","99.99"," ","999.9","010000"
"03768399999","2014-07-05","51.505278","0.055278","5.79","CITY, UK","  65.4","24","  58.7","24","9999.9"," 0","999.9"," 0","  6.2","24","  9.1","24"," 15.0","999.9","  71.6","*","  62.6","*","99.99"," ","999.9","010000"
"03768399999","2014-07-06","51.505278","0.055278","5.79","CITY, UK","  63.8","24","  52.0","24","9999.9"," 0","999.9"," 0","  6.2","21","  7.6","24"," 14.0","999.9","  69.8","*","  59.0","*","99.99"," ","999.9","010000"
"03768399999","2014-07-07","51.505278","0.055278","5.79","CITY, UK","  63.2","24","  50.5","24","9999.9"," 0","999.9"," 0","  6.2","23","  6.4","24"," 11.1","999.9","  69.8","*","  55.4","*","99.99"," ","999.9","010000"
"03768399999","2014-07-08","51.505278","0.055278","5.79","CITY, UK","  61.9","24","  52.6","24","9999.9"," 0","999.9"," 0","  6.2","24","  6.0","24"," 11.1","999.9","  68.0","*","  57.2","*","99.99"," ","999.9","010000"
"03768399999","2014-07-09","51.505278","0.055278","5.79","CITY, UK","  64.6","24","  49.7","24","9999.9"," 0","999.9"," 0","  5.9","18"," 11.8","24"," 18.1"," 27.0","  73.4","*","  57.2","*"," 0.00","I","999.9","000000"
"03768399999","2014-07-10","51.505278","0.055278","5.79","CITY, UK","  60.7","24","  53.5","24","9999.9"," 0","999.9"," 0","  6.0","21","  7.7","24"," 14.0"," 22.9","  64.4","*","  59.0","*","99.99"," ","999.9","010000"
"03768399999","2014-07-11","51.505278","0.055278","5.79","CITY, UK","  60.7","24","  57.1","24","9999.9"," 0","999.9"," 0","  6.0","24","  6.4","24","  9.9","999.9","  66.2","*","  57.2","*","99.99"," ","999.9","010000"
"03768399999","2014-07-12","51.505278","0.055278","5.79","CITY, UK","  62.1","14","  57.7","14","9999.9"," 0","999.9"," 0","  5.1","14","  4.3","14","  8.0","999.9","  71.6","*","  59.0","*"," 0.00","I","999.9","000000"
"03768399999","2014-07-13","51.505278","0.055278","5.79","CITY, UK","  68.2","24","  58.6","24","9999.9"," 0","999.9"," 0","  6.0","24","  8.6","24"," 15.0","999.9","  77.0","*","  62.6","*","99.99"," ","999.9","010000"
"03768399999","2014-07-14","51.505278","0.055278","5.79","CITY, UK","  66.7","24","  50.5","24","9999.9"," 0","999.9"," 0","  6.2","16","  9.9","24"," 13.0","999.9","  77.0","*","  59.0","*"," 0.00","I","999.9","000000"
"03768399999","2014-07-15","51.505278","0.055278","5.79","CITY, UK","  71.2","24","  56.1","24","9999.9"," 0","999.9"," 0","  6.2","18","  7.8","24"," 11.1","999.9","  78.8","*","  66.2","*"," 0.00","I","999.9","000000"
"03768399999","2014-07-16","51.505278","0.055278","5.79","CITY, UK","  71.3","24","  56.4","24","9999.9"," 0","999.9"," 0","  6.2","12","  5.7","24"," 11.1","999.9","  80.6","*","  60.8","*"," 0.00","I","999.9","000000"
"03768399999","2014-07-17","51.505278","0.055278","5.79","CITY, UK","  72.5","24","  60.6","24","9999.9"," 0","999.9"," 0","  6.2","21","  6.9","24"," 15.0","999.9","  80.6","*","  66.2","*","99.99"," ","999.9","010000"
"03768399999","2014-07-18","51.505278","0.055278","5.79","CITY, UK","  75.9","24","  62.1","24","9999.9"," 0","999.9"," 0","  5.9","14","  9.8","24"," 18.1","999.9","  87.8","*","  64.4","*","99.99"," ","999.9","010110"
"03768399999","2014-07-19","51.505278","0.055278","5.79","CITY, UK","  74.3","24","  63.1","24","9999.9"," 0","999.9"," 0","  6.2","24","  5.8","24"," 15.0","999.9","  82.4","*","  69.8","*","99.99"," ","999.9","010000"
"03768399999","2014-07-20","51.505278","0.055278","5.79","CITY, UK","  70.0","24","  62.7","24","9999.9"," 0","999.9"," 0","  6.0","24","  6.0","24"," 14.0","999.9","  78.8","*","  66.2","*","99.99"," ","999.9","010010"
"03768399999","2014-07-21","51.505278","0.055278","5.79","CITY, UK","  70.2","24","  61.5","24","9999.9"," 0","999.9"," 0","  6.2","22","  5.8","24","  8.9","999.9","  77.0","*","  64.4","*"," 0.00","I","999.9","000000"
"03768399999","2014-07-22","51.505278","0.055278","5.79","CITY, UK","  70.2","24","  59.7","24","9999.9"," 0","999.9"," 0","  6.1","24","  6.5","24","  9.9","999.9","  78.8","*","  60.8","*"," 0.00","I","999.9","000000"
"03768399999","2014-07-23","51.505278","0.055278","5.79","CITY, UK","  71.4","24","  59.4","24","9999.9"," 0","999.9"," 0","  6.2","18","  8.6","24"," 15.9"," 22.0","  82.4","*","  62.6","*"," 0.00","I","999.9","000000"
"03768399999","2014-07-24","51.505278","0.055278","5.79","CITY, UK","  72.5","24","  56.7","24","9999.9"," 0","999.9"," 0","  6.2","13","  8.6","24"," 15.9","999.9","  82.4","*","  62.6","*"," 0.00","I","999.9","000000"
"03768399999","2014-07-25","51.505278","0.055278","5.79","CITY, UK","  69.0","24","  61.2","24","9999.9"," 0","999.9"," 0","  6.2","23","  5.1","24"," 19.0"," 33.0","  78.8","*","  64.4","*","99.99"," ","999.9","010010"
"03768399999","2014-07-26","51.505278","0.055278","5.79","CITY, UK","  73.0","24","  59.6","24","9999.9"," 0","999.9"," 0","  6.2","20","  5.1","24","  8.0","999.9","  82.4","*","  62.6","*"," 0.00","I","999.9","000000"
"03768399999","2014-07-27","51.505278","0.055278","5.79","CITY, UK","  72.0","24","  55.6","24","9999.9"," 0","999.9"," 0","  6.2","16","  5.3","24","  8.9","999.9","  77.0","*","  68.0","*"," 0.00","I","999.9","000000"
"03768399999","2014-07-28","51.505278","0.055278","5.79","CITY, UK","  66.4","24","  54.9","24","9999.9"," 0","999.9"," 0","  6.2","24","  6.3","24"," 11.1","999.9","  71.6","*","  60.8","*","99.99"," ","999.9","010000"
"03768399999","2014-07-29","51.505278","0.055278","5.79","CITY, UK","  70.0","24","  55.0","24","9999.9"," 0","999.9"," 0","  6.2","11","  6.8","24"," 11.1","999.9","  78.8","*","  62.6","*","99.99"," ","999.9","010000"
"03768399999","2014-07-30","51.505278","0.055278","5.79","CITY, UK","  70.0","24","  52.9","24","9999.9"," 0","999.9"," 0","  6.2","14","  6.7","24","  9.9","999.9","  78.8","*","  60.8","*"," 0.00","I","999.9","000000"
"03768399999","2014-07-31","51.505278","0.055278","5.79","CITY, UK","  70.2","24","  56.1","24","9999.9"," 0","999.9"," 0","  6.2","17","  8.1","24"," 11.1","999.9","  77.0","*","  62.6","*"," 0.00","I","999.9","000000"
"03768399999","2014-08-01","51.505278","0.055278","5.79","CITY, UK","  68.4","24","  56.5","24","9999.9"," 0","999.9"," 0","  6.2","20","  7.6","24"," 12.0","999.9","  75.2","*","  62.6","*"," 0.00","I","999.9","000000"
"03768399999","2014-08-02","51.505278","0.055278","5.79","CITY, UK","  67.6","24","  56.5","24","9999.9"," 0","999.9"," 0","  6.2","22","  8.1","24"," 15.0","999.9","  75.2","*","  60.8","*","99.99"," ","999.9","010000"
"03768399999","2014-08-03","51.505278","0.055278","5.79","CITY, UK","  66.8","24","  48.5","24","9999.9"," 0","999.9"," 0","  6.2","20","  9.2","24"," 14.0","999.9","  75.2","*","  57.2","*"," 0.00","I","999.9","000000"
"03768399999","2014-08-04","51.505278","0.055278","5.79","CITY, UK","  67.8","24","  51.0","24","9999.9"," 0","999.9"," 0","  6.2","11","  7.8","24"," 12.0","999.9","  75.2","*","  60.8","*"," 0.00","I","999.9","000000"
"03768399999","2014-08-05","51.505278","0.055278","5.79","CITY, UK","  67.8","24","  54.9","24","9999.9"," 0","999.9"," 0","  6.2","18","  7.8","24"," 13.0","999.9","  75.2","*","  59.0","*"," 0.00","I","999.9","000000"
"03768399999","2014-08-06","51.505278","0.055278","5.79","CITY, UK","  69.7","24","  58.1","24","9999.9"," 0","999.9"," 0","  6.0","22","  8.1","24"," 13.0"," 15.9","  78.8","*","  62.6","*","99.99"," ","999.9","010000"
"03768399999","2014-08-07","51.505278","0.055278","5.79","CITY, UK","  70.7","24","  55.2","24","9999.9"," 0","999.9"," 0","  6.2","14","  5.3","24"," 11.1","999.9","  80.6","*","  62.6","*"," 0.00","I","999.9","000000"
"03768399999","2014-08-08","51.505278","0.055278","5.79","CITY, UK","  67.1","24","  60.9","24","9999.9"," 0","999.9"," 0","  5.4","24","  6.5","24"," 15.0","999.9","  75.2","*","  60.8","*","99.99"," ","999.9","010000"
"03768399999","2014-08-09","51.505278","0.055278","5.79","CITY, UK","  65.8","24","  53.4","24","9999.9"," 0","999.9"," 0","  6.2","24"," 10.5","24"," 14.0","999.9","  73.4","*","  59.0","*","99.99"," ","999.9","010000"
"03768399999","2014-08-10","51.505278","0.055278","5.79","CITY, UK","  64.6","24","  55.4","24","9999.9"," 0","999.9"," 0","  6.0","23"," 13.0","24"," 22.0"," 33.0","  73.4","*","  59.0","*","99.99"," ","999.9","010010"
"03768399999","2014-08-11","51.505278","0.055278","5.79","CITY, UK","  62.4","24","  50.4","24","9999.9"," 0","999.9"," 0","  6.2","24"," 12.9","24"," 18.1"," 28.0","  69.8","*","  57.2","*","99.99"," ","999.9","010000"
"03768399999","2014-08-12","51.505278","0.055278","5.79","CITY, UK","  61.8","24","  49.2","24","9999.9"," 0","999.9"," 0","  6.2","22"," 12.4","24"," 18.1"," 29.9","  69.8","*","  57.2","*","99.99"," ","999.9","010010"
"03768399999","2014-08-13","51.505278","0.055278","5.79","CITY, UK","  64.1","24","  51.3","24","9999.9"," 0","999.9"," 0","  6.2","21"," 11.0","24"," 15.9","999.9","  69.8","*","  57.2","*","99.99"," ","999.9","010000"
"03768399999","2014-08-14","51.505278","0.055278","5.79","CITY, UK","  62.0","24","  53.5","24","9999.9"," 0","999.9"," 0","  6.2","24","  7.7","24"," 14.0","999.9","  69.8","*","  57.2","*","99.99"," ","999.9","010010"
"03768399999","2014-08-15","51.505278","0.055278","5.79","CITY, UK","  62.2","24","  51.7","24","9999.9"," 0","999.9"," 0","  6.2","23","  6.9","24"," 11.1","999.9","  68.0","*","  57.2","*","99.99"," ","999.9","010000"
"03768399999","2014-08-16","51.505278","0.055278","5.79","CITY, UK","  63.3","24","  48.3","24","9999.9"," 0","999.9"," 0","  6.2","22"," 10.8","24"," 19.0"," 25.1","  69.8","*","  57.2","*"," 0.00","I","999.9","000000"
"03768399999","2014-08-17","51.505278","0.055278","5.79","CITY, UK","  62.7","24","  48.9","24","9999.9"," 0","999.9"," 0","  6.2","20"," 14.1","24"," 19.0"," 26.0","  69.8","*","  57.2","*"," 0.00","I","999.9","000000"
"03768399999","2014-08-18","51.505278","0.055278","5.79","CITY, UK","  59.4","24","  49.3","24","9999.9"," 0","999.9"," 0","  6.2","22","  9.3","24"," 14.0"," 20.0","  66.2","*","  55.4","*","99.99"," ","999.9","010000"
"03768399999","2014-08-19","51.505278","0.055278","5.79","CITY, UK","  58.8","24","  43.5","24","9999.9"," 0","999.9"," 0","  6.2","18"," 10.7","24"," 15.9","999.9","  64.4","*","  53.6","*","99.99"," ","999.9","010000"
"03768399999","2014-08-20","51.505278","0.055278","5.79","CITY, UK","  58.5","24","  43.0","24","9999.9"," 0","999.9"," 0","  6.2","13","  7.3","24"," 12.0","999.9","  66.2","*","  50.0","*"," 0.00","I","999.9","000000"
"03768399999","2014-08-21","51.505278","0.055278","5.79","CITY, UK","  58.4","24","  45.4","24","9999.9"," 0","999.9"," 0","  6.2","20","  8.9","24"," 17.1","999.9","  66.2","*","  50.0","*","99.99"," ","999.9","010000"
"03768399999","2014-08-22","51.505278","0.055278","5.79","CITY, UK","  61.1","24","  47.1","24","9999.9"," 0","999.9"," 0","  6.2","17","  8.9","24"," 14.0","999.9","  68.0","*","  57.2","*","99.99"," ","999.9","010000"
"03768399999","2014-08-23","51.505278","0.055278","5.79","CITY, UK","  59.3","24","  43.8","24","9999.9"," 0","999.9"," 0","  6.2","22","  8.9","24"," 20.0","999.9","  66.2","*","  55.4","*","99.99"," ","999.9","010000"
"03768399999","2014-08-24","51.505278","0.055278","5.79","CITY, UK","  58.5","24","  44.5","24","9999.9"," 0","999.9"," 0","  6.2","15","  5.8","24"," 12.0","999.9","  66.2","*","  50.0","*"," 0.00","I","999.9","000000"
"03768399999","2014-08-25","51.505278","0.055278","5.79","CITY, UK","  59.9","24","  56.6","24","9999.9"," 0","999.9"," 0","  5.4","24","  6.3","24","  9.9","999.9","  62.6","*","  55.4","*","99.99"," ","999.9","010000"
"03768399999","2014-08-26","51.505278","0.055278","5.79","CITY, UK","  60.6","24","  56.8","24","9999.9"," 0","999.9"," 0","  5.6","24","  7.0","24"," 14.0","999.9","  62.6","*","  55.4","*","99.99"," ","999.9","010000"
"03768399999","2014-08-27","51.505278","0.055278","5.79","CITY, UK","  61.0","24","  53.1","24","9999.9"," 0","999.9"," 0","  6.0","23","  7.8","24"," 15.0","999.9","  68.0","*","  51.8","*"," 0.00","I","999.9","000000"
"03768399999","2014-08-28","51.505278","0.055278","5.79","CITY, UK","  65.5","24","  57.6","24","9999.9"," 0","999.9"," 0","  6.2","24","  8.8","24"," 14.0"," 22.0","  71.6","*","  59.0","*","99.99"," ","999.9","010000"
"03768399999","2014-08-29","51.505278","0.055278","5.79","CITY, UK","  64.1","24","  54.7","24","9999.9"," 0","999.9"," 0","  6.2","24"," 11.9","24"," 15.9"," 26.0","  69.8","*","  59.0","*"," 0.00","I","999.9","000000"
"03768399999","2014-08-30","51.505278","0.055278","5.79","CITY, UK","  64.7","24","  52.2","24","9999.9"," 0","999.9"," 0","  6.2","24"," 11.7","24"," 15.0","999.9","  68.0","*","  60.8","*","99.99"," ","999.9","010000"
"03768399999","2014-08-31","51.505278","0.055278","5.79","CITY, UK","  64.2","24","  51.1","24","9999.9"," 0","999.9"," 0","  6.2","19","  8.6","24"," 14.0","999.9","  71.6","*","  59.0","*"," 0.00","I","999.9","000000"
"03768399999","2014-09-01","51.505278","0.055278","5.79","CITY, UK","  62.0","24","  57.5","24","9999.9"," 0","999.9"," 0","  6.0","21","  6.7","24","  9.9","999.9","  68.0","*","  57.2","*","99.99"," ","999.9","010000"
"03768399999","2014-09-02","51.505278","0.055278","5.79","CITY, UK","  63.0","24","  56.1","24","9999.9"," 0","999.9"," 0","  5.2","24","  6.1","24"," 11.1","999.9","  69.8","*","  57.2","*","99.99"," ","999.9","010000"
"03768399999","2014-09-03","51.505278","0.055278","5.79","CITY, UK","  64.8","24","  57.6","24","9999.9"," 0","999.9"," 0","  3.6","19","  7.3","24"," 13.0","999.9","  71.6","*","  59.0","*"," 0.00","I","999.9","100000"
"03768399999","2014-09-04","51.505278","0.055278","5.79","CITY, UK","  64.0","24","  57.3","24","9999.9"," 0","999.9"," 0","  4.5","24","  4.9","24","  8.9","999.9","  69.8","*","  57.2","*"," 0.00","I","999.9","000000"
"03768399999","2014-09-05","51.505278","0.055278","5.79","CITY, UK","  63.7","24","  56.2","24","9999.9"," 0","999.9"," 0","  4.2","24","  3.7","24","  7.0","999.9","  71.6","*","  59.0","*"," 0.00","I","999.9","000000"
"03768399999","2014-09-06","51.505278","0.055278","5.79","CITY, UK","  66.1","24","  56.4","24","9999.9"," 0","999.9"," 0","  3.9","24","  2.8","24","  6.0","999.9","  71.6","*","  60.8","*"," 0.00","I","999.9","000000"
"03768399999","2014-09-07","51.505278","0.055278","5.79","CITY, UK","  62.9","24","  53.4","24","9999.9"," 0","999.9"," 0","  4.3","21","  3.6","24","  8.0","999.9","  69.8","*","  59.0","*"," 0.00","I","999.9","000000"
"03768399999","2014-09-08","51.505278","0.055278","5.79","CITY, UK","  62.5","24","  49.9","24","9999.9"," 0","999.9"," 0","  5.1","15","  3.4","24","  6.0","999.9","  71.6","*","  51.8","*"," 0.00","I","999.9","000000"
"03768399999","2014-09-09","51.505278","0.055278","5.79","CITY, UK","  61.5","24","  51.9","24","9999.9"," 0","999.9"," 0","  6.1","19","  5.1","24"," 11.1","999.9","  69.8","*","  55.4","*"," 0.00","I","999.9","000000"
"03768399999","2014-09-10","51.505278","0.055278","5.79","CITY, UK","  60.9","24","  51.4","24","9999.9"," 0","999.9"," 0","  6.2","21","  6.0","24"," 13.0","999.9","  68.0","*","  55.4","*"," 0.00","I","999.9","000000"
"03768399999","2014-09-11","51.505278","0.055278","5.79","CITY, UK","  60.4","24","  50.2","24","9999.9"," 0","999.9"," 0","  5.2","24","  4.9","24","  8.0","999.9","  66.2","*","  53.6","*"," 0.00","I","999.9","000000"
"03768399999","2014-09-12","51.505278","0.055278","5.79","CITY, UK","  62.8","24","  54.5","24","9999.9"," 0","999.9"," 0","  4.9","20","  6.6","24"," 11.1","999.9","  71.6","*","  57.2","*"," 0.00","I","999.9","000000"
"03768399999","2014-09-13","51.505278","0.055278","5.79","CITY, UK","  61.7","24","  54.7","24","9999.9"," 0","999.9"," 0","  5.5","24","  7.2","24"," 13.0","999.9","  69.8","*","  55.4","*"," 0.00","I","999.9","000000"
"03768399999","2014-09-14","51.505278","0.055278","5.79","CITY, UK","  62.0","24","  54.5","24","9999.9"," 0","999.9"," 0","  5.6","24","  7.8","24"," 15.0","999.9","  71.6","*","  57.2","*"," 0.00","I","999.9","000000"
"03768399999","2014-09-15","51.505278","0.055278","5.79","CITY, UK","  62.0","24","  54.9","24","9999.9"," 0","999.9"," 0","  4.9","20","  4.3","24","  9.9","999.9","  71.6","*","  55.4","*"," 0.00","I","999.9","000000"
"03768399999","2014-09-16","51.505278","0.055278","5.79","CITY, UK","  64.3","24","  58.6","24","9999.9"," 0","999.9"," 0","  2.2","22","  7.1","24"," 12.0","999.9","  73.4","*","  57.2","*"," 0.00","I","999.9","100000"
"03768399999","2014-09-17","51.505278","0.055278","5.79","CITY, UK","  64.1","24","  58.8","24","9999.9"," 0","999.9"," 0","  3.1","24","  7.3","24","  8.9","999.9","  69.8","*","  60.8","*"," 0.00","I","999.9","000000"
"03768399999","2014-09-18","51.505278","0.055278","5.79","CITY, UK","  66.5","24","  60.2","24","9999.9"," 0","999.9"," 0","  2.3","19","  6.9","24"," 12.0","999.9","  77.0","*","  59.0","*"," 0.00","I","999.9","000000"
"03768399999","2014-09-19","51.505278","0.055278","5.79","CITY, UK","  67.0","24","  62.2","24","9999.9"," 0","999.9"," 0","  3.1","24","  4.5","24","  8.0","999.9","  73.4","*","  60.8","*","99.99"," ","999.9","110110"
"03768399999","2014-09-20","51.505278","0.055278","5.79","CITY, UK","  63.4","24","  60.0","24","9999.9"," 0","999.9"," 0","  3.9","24","  5.0","24","  8.9","999.9","  66.2","*","  59.0","*","99.99"," ","999.9","110000"
"03768399999","2014-09-21","51.505278","0.055278","5.79","CITY, UK","  59.0","24","  50.6","24","9999.9"," 0","999.9"," 0","  6.1","23","  7.4","24"," 11.1"," 20.0","  62.6","*","  53.6","*","99.99"," ","999.9","010000"
"03768399999","2014-09-22","51.505278","0.055278","5.79","CITY, UK","  57.5","24","  46.2","24","9999.9"," 0","999.9"," 0","  5.4","20","  3.9","24","  7.0","999.9","  66.2","*","  50.0","*"," 0.00","I","999.9","000000"
"03768399999","2014-09-23","51.505278","0.055278","5.79","CITY, UK","  59.0","24","  46.3","24","9999.9"," 0","999.9"," 0","  5.3","21","  7.0","24","  9.9","999.9","  66.2","*","  51.8","*"," 0.00","I","999.9","000000"
"03768399999","2014-09-24","51.505278","0.055278","5.79","CITY, UK","  59.0","24","  48.0","24","9999.9"," 0","999.9"," 0","  5.1","20","  9.9","24"," 15.9","999.9","  64.4","*","  53.6","*","99.99"," ","999.9","010000"
"03768399999","2014-09-25","51.505278","0.055278","5.79","CITY, UK","  59.0","24","  48.9","24","9999.9"," 0","999.9"," 0","  6.2","19","  9.0","24"," 13.0","999.9","  66.2","*","  48.2","*"," 0.00","I","999.9","000000"
"03768399999","2014-09-26","51.505278","0.055278","5.79","CITY, UK","  64.6","24","  55.0","24","9999.9"," 0","999.9"," 0","  6.2","23","  7.4","24"," 12.0","999.9","  69.8","*","  60.8","*","99.99"," ","999.9","010000"
"03768399999","2014-09-27","51.505278","0.055278","5.79","CITY, UK","  63.9","24","  55.2","24","9999.9"," 0","999.9"," 0","  6.2","22","  3.2","24","  7.0","999.9","  69.8","*","  57.2","*"," 0.00","I","999.9","000000"
"03768399999","2014-09-28","51.505278","0.055278","5.79","CITY, UK","  64.6","24","  58.7","24","9999.9"," 0","999.9"," 0","  4.1","23","  5.7","24","  8.9","999.9","  73.4","*","  59.0","*"," 0.00","I","999.9","100000"
"03768399999","2014-09-29","51.505278","0.055278","5.79","CITY, UK","  62.0","24","  57.3","24","9999.9"," 0","999.9"," 0","  4.3","22","  3.5","24","  8.9","999.9","  68.0","*","  57.2","*"," 0.00","I","999.9","000000"
"03768399999","2014-09-30","51.505278","0.055278","5.79","CITY, UK","  64.4","24","  56.1","24","9999.9"," 0","999.9"," 0","  5.2","22","  6.7","24","  8.9","999.9","  71.6","*","  60.8","*"," 0.00","I","999.9","000000"
"03768399999","2014-10-01","51.505278","0.055278","5.79","CITY, UK","  64.6","24","  56.1","24","9999.9"," 0","999.9"," 0","  6.0","24","  6.8","24"," 11.1","999.9","  68.0","*","  60.8","*","99.99"," ","999.9","010000"
"03768399999","2014-10-02","51.505278","0.055278","5.79","CITY, UK","  64.1","24","  55.9","24","9999.9"," 0","999.9"," 0","  6.2","17","  3.6","24","  7.0","999.9","  69.8","*","  59.0","*"," 0.00","I","999.9","000000"
"03768399999","2014-10-03","51.505278","0.055278","5.79","CITY, UK","  63.5","24","  55.4","24","9999.9"," 0","999.9"," 0","  5.5","21","  6.3","24","  9.9","999.9","  71.6","*","  59.0","*"," 0.00","I","999.9","000000"
"03768399999","2014-10-04","51.505278","0.055278","5.79","CITY, UK","  57.8","24","  52.1","24","9999.9"," 0","999.9"," 0","  5.4","24","  7.3","24"," 17.1","999.9","  66.2","*","  50.0","*","99.99"," ","999.9","010000"
"03768399999","2014-10-05","51.505278","0.055278","5.79","CITY, UK","  52.3","24","  40.6","24","9999.9"," 0","999.9"," 0","  6.2","19","  4.4","24","  7.0","999.9","  60.8","*","  44.6","*"," 0.00","I","999.9","000000"
"03768399999","2014-10-06","51.505278","0.055278","5.79","CITY, UK","  53.8","24","  46.9","24","9999.9"," 0","999.9"," 0","  6.2","21","  8.9","24"," 13.0"," 22.0","  57.2","*","  46.4","*","99.99"," ","999.9","010000"
"03768399999","2014-10-07","51.505278","0.055278","5.79","CITY, UK","  53.5","24","  43.2","24","9999.9"," 0","999.9"," 0","  6.0","21"," 10.3","24"," 21.0"," 28.0","  60.8","*","  50.0","*","99.99"," ","999.9","010000"
"03768399999","2014-10-08","51.505278","0.055278","5.79","CITY, UK","  57.0","24","  49.7","24","9999.9"," 0","999.9"," 0","  6.2","24","  8.8","24"," 17.1"," 26.0","  64.4","*","  51.8","*","99.99"," ","999.9","010000"
"03768399999","2014-10-09","51.505278","0.055278","5.79","CITY, UK","  57.6","24","  49.5","24","9999.9"," 0","999.9"," 0","  6.2","24"," 11.8","24"," 19.0"," 32.1","  62.6","*","  55.4","*","99.99"," ","999.9","010000"
"03768399999","2014-10-10","51.505278","0.055278","5.79","CITY, UK","  57.4","24","  50.2","24","9999.9"," 0","999.9"," 0","  6.2","18","  6.9","24"," 13.0"," 17.1","  62.6","*","  51.8","*","99.99"," ","999.9","010010"
"03768399999","2014-10-11","51.505278","0.055278","5.79","CITY, UK","  56.4","24","  49.7","24","9999.9"," 0","999.9"," 0","  6.2","22","  4.6","24"," 11.1","999.9","  62.6","*","  51.8","*","99.99"," ","999.9","010000"
"03768399999","2014-10-12","51.505278","0.055278","5.79","CITY, UK","  53.5","24","  49.1","24","9999.9"," 0","999.9"," 0","  5.6","24","  7.0","24"," 15.0"," 25.1","  59.0","*","  46.4","*","99.99"," ","999.9","110000"
"03768399999","2014-10-13","51.505278","0.055278","5.79","CITY, UK","  56.4","24","  54.6","24","9999.9"," 0","999.9"," 0","  4.1","24","  9.3","24"," 14.0","999.9","  60.8","*","  53.6","*","99.99"," ","999.9","010000"
"03768399999","2014-10-14","51.505278","0.055278","5.79","CITY, UK","  57.0","24","  54.7","24","9999.9"," 0","999.9"," 0","  5.2","24","  6.4","24","  8.9","999.9","  59.0","*","  55.4","*","99.99"," ","999.9","010000"
"03768399999","2014-10-15","51.505278","0.055278","5.79","CITY, UK","  57.0","24","  54.0","24","9999.9"," 0","999.9"," 0","  4.8","24","  5.5","24","  8.9","999.9","  60.8","*","  55.4","*","99.99"," ","999.9","010000"
"03768399999","2014-10-16","51.505278","0.055278","5.79","CITY, UK","  60.2","24","  54.9","24","9999.9"," 0","999.9"," 0","  6.2","20","  6.3","24"," 12.0","999.9","  64.4","*","  55.4","*","99.99"," ","999.9","010000"
"03768399999","2014-10-17","51.505278","0.055278","5.79","CITY, UK","  62.2","24","  56.4","24","9999.9"," 0","999.9"," 0","  6.2","23","  7.4","24"," 14.0","999.9","  68.0","*","  57.2","*","99.99"," ","999.9","010000"
"03768399999","2014-10-18","51.505278","0.055278","5.79","CITY, UK","  65.4","24","  59.2","24","9999.9"," 0","999.9"," 0","  5.9","21","  9.1","24"," 15.0","999.9","  68.0","*","  62.6","*","99.99"," ","999.9","010000"
"03768399999","2014-10-19","51.505278","0.055278","5.79","CITY, UK","  63.2","24","  56.0","24","9999.9"," 0","999.9"," 0","  6.1","23"," 11.3","24"," 17.1"," 32.1","  68.0","*","  59.0","*","99.99"," ","999.9","010000"
"03768399999","2014-10-20","51.505278","0.055278","5.79","CITY, UK","  59.2","24","  50.0","24","9999.9"," 0","999.9"," 0","  6.2","24"," 11.5","24"," 15.9"," 26.0","  64.4","*","  57.2","*","99.99"," ","999.9","010000"
"03768399999","2014-10-21","51.505278","0.055278","5.79","CITY, UK","  55.5","24","  44.3","24","9999.9"," 0","999.9"," 0","  6.2","24"," 18.4","24"," 33.0"," 39.0","  59.0","*","  50.0","*","99.99"," ","999.9","010000"
"03768399999","2014-10-22","51.505278","0.055278","5.79","CITY, UK","  52.8","24","  41.2","24","9999.9"," 0","999.9"," 0","  6.2","18"," 11.4","24"," 17.1","999.9","  57.2","*","  48.2","*"," 0.00","I","999.9","000000"
"03768399999","2014-10-23","51.505278","0.055278","5.79","CITY, UK","  58.4","24","  50.0","24","9999.9"," 0","999.9"," 0","  6.2","24","  8.6","24"," 13.0","999.9","  62.6","*","  53.6","*"," 0.00","I","999.9","000000"
"03768399999","2014-10-24","51.505278","0.055278","5.79","CITY, UK","  60.9","24","  55.2","24","9999.9"," 0","999.9"," 0","  6.2","24","  7.2","24"," 12.0","999.9","  64.4","*","  53.6","*","99.99"," ","999.9","010000"
"03768399999","2014-10-25","51.505278","0.055278","5.79","CITY, UK","  55.2","24","  45.6","24","9999.9"," 0","999.9"," 0","  6.2","24","  7.8","24"," 14.0","999.9","  60.8","*","  48.2","*"," 0.00","I","999.9","000000"
"03768399999","2014-10-26","51.505278","0.055278","5.79","CITY, UK","  57.8","24","  46.2","24","9999.9"," 0","999.9"," 0","  6.2","24","  9.0","24"," 13.0"," 24.1","  60.8","*","  55.4","*"," 0.00","I","999.9","000000"
"03768399999","2014-10-27","51.505278","0.055278","5.79","CITY, UK","  60.5","24","  52.5","24","9999.9"," 0","999.9"," 0","  6.2","16","  6.7","24"," 13.0","999.9","  66.2","*","  55.4","*"," 0.00","I","999.9","000000"
"03768399999","2014-10-28","51.505278","0.055278","5.79","CITY, UK","  59.0","24","  52.5","24","9999.9"," 0","999.9"," 0","  5.9","13","  6.9","24"," 13.0","999.9","  64.4","*","  53.6","*","99.99"," ","999.9","010000"
"03768399999","2014-10-29","51.505278","0.055278","5.79","CITY, UK","  56.8","24","  54.7","24","9999.9"," 0","999.9"," 0","  3.7","24","  6.3","24","  9.9","999.9","  60.8","*","  55.4","*","99.99"," ","999.9","110000"
"03768399999","2014-10-30","51.505278","0.055278","5.79","CITY, UK","  60.7","24","  57.0","24","9999.9"," 0","999.9"," 0","  3.9","21","  4.3","24","  8.9","999.9","  66.2","*","  57.2","*"," 0.00","I","999.9","000000"
"03768399999","2014-10-31","51.505278","0.055278","5.79","CITY, UK","  64.2","24","  54.5","24","9999.9"," 0","999.9"," 0","  5.3","12","  4.7","24"," 11.1"," 20.0","  73.4","*","  59.0","*"," 0.00","I","999.9","000000"
"03768399999","2014-11-01","51.505278","0.055278","5.79","CITY, UK","  61.2","24","  52.1","24","9999.9"," 0","999.9"," 0","  6.2","24","  8.6","24"," 14.0"," 22.9","  64.4","*","  57.2","*","99.99"," ","999.9","010000"
"03768399999","2014-11-02","51.505278","0.055278","5.79","CITY, UK","  58.2","24","  52.1","24","9999.9"," 0","999.9"," 0","  6.2","24"," 10.6","24"," 15.0"," 22.9","  60.8","*","  53.6","*","99.99"," ","999.9","010000"
"03768399999","2014-11-03","51.505278","0.055278","5.79","CITY, UK","  50.0","24","  45.0","24","9999.9"," 0","999.9"," 0","  6.2","22","  6.3","24"," 11.1","999.9","  53.6","*","  46.4","*","99.99"," ","999.9","010000"
"03768399999","2014-11-04","51.505278","0.055278","5.79","CITY, UK","  49.0","24","  42.0","24","9999.9"," 0","999.9"," 0","  6.2","23","  4.3","24","  8.9"," 13.0","  55.4","*","  46.4","*","99.99"," ","999.9","010000"
"03768399999","2014-11-05","51.505278","0.055278","5.79","CITY, UK","  47.4","24","  41.1","24","9999.9"," 0","999.9"," 0","  5.7","19","  7.3","24"," 12.0"," 22.0","  51.8","*","  42.8","*","99.99"," ","999.9","010000"
"03768399999","2014-11-06","51.505278","0.055278","5.79","CITY, UK","  47.6","24","  40.0","24","9999.9"," 0","999.9"," 0","  5.1","16","  7.3","24"," 13.0"," 19.0","  53.6","*","  37.4","*","99.99"," ","999.9","010000"
"03768399999","2014-11-07","51.505278","0.055278","5.79","CITY, UK","  53.5","24","  46.2","24","9999.9"," 0","999.9"," 0","  5.4","20"," 11.7","24"," 22.0"," 35.9","  57.2","*","  50.0","*","99.99"," ","999.9","010000"
"03768399999","2014-11-08","51.505278","0.055278","5.79","CITY, UK","  52.8","24","  47.0","24","9999.9"," 0","999.9"," 0","  6.0","24","  8.2","24"," 17.1"," 21.0","  57.2","*","  48.2","*","99.99"," ","999.9","010000"
"03768399999","2014-11-09","51.505278","0.055278","5.79","CITY, UK","  51.4","24","  45.0","24","9999.9"," 0","999.9"," 0","  5.8","18","  4.3","24","  8.0","999.9","  55.4","*","  48.2","*","99.99"," ","999.9","010000"
"03768399999","2014-11-10","51.505278","0.055278","5.79","CITY, UK","  52.0","24","  44.7","24","9999.9"," 0","999.9"," 0","  6.2","17","  7.5","24"," 13.0","999.9","  55.4","*","  48.2","*","99.99"," ","999.9","010000"
"03768399999","2014-11-11","51.505278","0.055278","5.79","CITY, UK","  53.5","24","  46.9","24","9999.9"," 0","999.9"," 0","  6.2","22"," 10.9","24"," 15.0","999.9","  57.2","*","  51.8","*","99.99"," ","999.9","010000"
"03768399999","2014-11-12","51.505278","0.055278","5.79","CITY, UK","  53.9","24","  47.1","24","9999.9"," 0","999.9"," 0","  6.2","21","  7.6","24"," 13.0","999.9","  57.2","*","  51.8","*","99.99"," ","999.9","010000"
"03768399999","2014-11-13","51.505278","0.055278","5.79","CITY, UK","  53.8","24","  49.0","24","9999.9"," 0","999.9"," 0","  6.2","24","  9.2","24"," 14.0"," 24.1","  57.2","*","  50.0","*","99.99"," ","999.9","010000"
"03768399999","2014-11-14","51.505278","0.055278","5.79","CITY, UK","  53.8","24","  48.1","24","9999.9"," 0","999.9"," 0","  6.1","20","  8.2","24"," 17.1","999.9","  59.0","*","  46.4","*","99.99"," ","999.9","010000"
"03768399999","2014-11-15","51.505278","0.055278","5.79","CITY, UK","  50.2","24","  48.2","24","9999.9"," 0","999.9"," 0","  4.9","24","  4.6","24","  7.0","999.9","  55.4","*","  46.4","*","99.99"," ","999.9","010000"
"03768399999","2014-11-16","51.505278","0.055278","5.79","CITY, UK","  50.1","24","  48.2","24","9999.9"," 0","999.9"," 0","  4.2","24","  4.6","24","  6.0","999.9","  53.6","*","  48.2","*","99.99"," ","999.9","010000"
"03768399999","2014-11-17","51.505278","0.055278","5.79","CITY, UK","  48.4","24","  45.1","24","9999.9"," 0","999.9"," 0","  6.1","24","  6.9","24"," 11.1","999.9","  51.8","*","  46.4","*","99.99"," ","999.9","010000"
"03768399999","2014-11-18","51.505278","0.055278","5.79","CITY, UK","  50.4","24","  46.6","24","9999.9"," 0","999.9"," 0","  5.3","22","  4.8","24","  8.9","999.9","  55.4","*","  48.2","*","99.99"," ","999.9","010000"
"03768399999","2014-11-19","51.505278","0.055278","5.79","CITY, UK","  48.9","24","  45.6","24","9999.9"," 0","999.9"," 0","  3.4","24","  5.1","24","  8.9","999.9","  53.6","*","  44.6","*"," 0.00","I","999.9","000000"
"03768399999","2014-11-20","51.505278","0.055278","5.79","CITY, UK","  47.8","24","  44.4","24","9999.9"," 0","999.9"," 0","  3.3","24","  5.2","24"," 11.1","999.9","  51.8","*","  44.6","*"," 0.00","I","999.9","000000"
"03768399999","2014-11-21","51.505278","0.055278","5.79","CITY, UK","  46.8","24","  43.5","24","9999.9"," 0","999.9"," 0","  2.9","24","  7.3","24"," 11.1","999.9","  51.8","*","  42.8","*","99.99"," ","999.9","010000"
"03768399999","2014-11-22","51.505278","0.055278","5.79","CITY, UK","  55.4","24","  53.2","24","9999.9"," 0","999.9"," 0","  3.9","24","  3.8","24","  7.0","999.9","  59.0","*","  51.8","*","99.99"," ","999.9","010000"
"03768399999","2014-11-23","51.505278","0.055278","5.79","CITY, UK","  49.6","24","  47.3","24","9999.9"," 0","999.9"," 0","  5.1","24","  5.2","24","  9.9","999.9","  57.2","*","  42.8","*","99.99"," ","999.9","110000"
"03768399999","2014-11-24","51.505278","0.055278","5.79","CITY, UK","  42.6","23","  38.3","23","9999.9"," 0","999.9"," 0","  5.1","10","  3.0","23","  6.0","999.9","  48.2","*","  39.2","*"," 0.00","I","999.9","000000"
"03768399999","2014-11-25","51.505278","0.055278","5.79","CITY, UK","  43.3","24","  40.1","24","9999.9"," 0","999.9"," 0","  4.7","22","  5.1","24"," 11.1","999.9","  50.0","*","  33.8","*","99.99"," ","999.9","111000"
"03768399999","2014-11-26","51.505278","0.055278","5.79","CITY, UK","  48.9","24","  47.2","24","9999.9"," 0","999.9"," 0","  1.9","24","  3.4","24","  7.0","999.9","  50.0","*","  46.4","*","99.99"," ","999.9","110000"
"03768399999","2014-11-27","51.505278","0.055278","5.79","CITY, UK","  51.0","24","  48.7","24","9999.9"," 0","999.9"," 0","  4.1","24","  4.7","24","  8.0","999.9","  53.6","*","  50.0","*","99.99"," ","999.9","110000"
"03768399999","2014-11-28","51.505278","0.055278","5.79","CITY, UK","  52.1","24","  48.9","24","9999.9"," 0","999.9"," 0","  4.3","21"," 10.4","24"," 15.9","999.9","  55.4","*","  50.0","*","99.99"," ","999.9","010000"
"03768399999","2014-11-29","51.505278","0.055278","5.79","CITY, UK","  50.9","24","  46.6","24","9999.9"," 0","999.9"," 0","  4.0","20","  7.6","24"," 13.0","999.9","  55.4","*","  44.6","*"," 0.00","I","999.9","100000"
"03768399999","2014-11-30","51.505278","0.055278","5.79","CITY, UK","  49.1","24","  45.4","24","9999.9"," 0","999.9"," 0","  3.6","24","  5.8","24"," 11.1","999.9","  53.6","*","  42.8","*","99.99"," ","999.9","110000"
"03768399999","2014-12-01","51.505278","0.055278","5.79","CITY, UK","  45.8","24","  39.7","24","9999.9"," 0","999.9"," 0","  5.5","24","  7.4","24"," 11.1","999.9","  50.0","*","  42.8","*","99.99"," ","999.9","010000"
"03768399999","2014-12-02","51.505278","0.055278","5.79","CITY, UK","  45.4","24","  40.9","24","9999.9"," 0","999.9"," 0","  4.9","24","  8.5","24"," 15.9"," 26.0","  46.4","*","  44.6","*","99.99"," ","999.9","010000"
"03768399999","2014-12-03","51.505278","0.055278","5.79","CITY, UK","  44.8","24","  37.3","24","9999.9"," 0","999.9"," 0","  6.2","23","  8.9","24"," 13.0","999.9","  48.2","*","  41.0","*","99.99"," ","999.9","010000"
"03768399999","2014-12-04","51.505278","0.055278","5.79","CITY, UK","  40.1","24","  35.8","24","9999.9"," 0","999.9"," 0","  4.5","24","  6.0","24"," 14.0","999.9","  42.8","*","  37.4","*","99.99"," ","999.9","010000"
"03768399999","2014-12-05","51.505278","0.055278","5.79","CITY, UK","  41.9","24","  36.7","24","9999.9"," 0","999.9"," 0","  5.8","18","  5.4","24"," 11.1","999.9","  44.6","*","  39.2","*","99.99"," ","999.9","010000"
"03768399999","2014-12-06","51.505278","0.055278","5.79","CITY, UK","  38.6","24","  32.1","24","9999.9"," 0","999.9"," 0","  6.2","18","  5.3","24","  8.0","999.9","  42.8","*","  33.8","*"," 0.00","I","999.9","000000"
"03768399999","2014-12-07","51.505278","0.055278","5.79","CITY, UK","  46.0","24","  37.9","24","9999.9"," 0","999.9"," 0","  6.2","20"," 11.5","24"," 19.0"," 26.0","  51.8","*","  39.2","*","99.99"," ","999.9","010000"
"03768399999","2014-12-08","51.505278","0.055278","5.79","CITY, UK","  42.0","24","  33.0","24","9999.9"," 0","999.9"," 0","  6.2","15"," 10.9","24"," 14.0","999.9","  44.6","*","  39.2","*"," 0.00","I","999.9","000000"
"03768399999","2014-12-09","51.505278","0.055278","5.79","CITY, UK","  42.7","24","  36.9","24","9999.9"," 0","999.9"," 0","  5.8","16","  9.6","24"," 19.0"," 28.9","  53.6","*","  33.8","*","99.99"," ","999.9","010000"
"03768399999","2014-12-10","51.505278","0.055278","5.79","CITY, UK","  47.8","24","  36.9","24","9999.9"," 0","999.9"," 0","  6.2","16"," 13.8","24"," 22.0"," 35.0","  55.4","*","  44.6","*","99.99"," ","999.9","010000"
"03768399999","2014-12-11","51.505278","0.055278","5.79","CITY, UK","  46.5","24","  37.4","24","9999.9"," 0","999.9"," 0","  6.2","23"," 15.6","24"," 21.0"," 28.9","  50.0","*","  44.6","*","99.99"," ","999.9","010000"
"03768399999","2014-12-12","51.505278","0.055278","5.79","CITY, UK","  46.6","24","  39.4","24","9999.9"," 0","999.9"," 0","  5.9","19"," 13.1","24"," 22.9"," 34.0","  51.8","*","  39.2","*","99.99"," ","999.9","010000"
"03768399999","2014-12-13","51.505278","0.055278","5.79","CITY, UK","  39.1","24","  32.4","24","9999.9"," 0","999.9"," 0","  6.2","20","  5.2","24","  8.9","999.9","  44.6","*","  35.6","*"," 0.00","I","999.9","000000"
"03768399999","2014-12-14","51.505278","0.055278","5.79","CITY, UK","  44.1","24","  37.3","24","9999.9"," 0","999.9"," 0","  6.1","23","  9.1","24"," 14.0"," 22.0","  50.0","*","  35.6","*","99.99"," ","999.9","010000"
"03768399999","2014-12-15","51.505278","0.055278","5.79","CITY, UK","  46.3","24","  40.3","24","9999.9"," 0","999.9"," 0","  6.2","22","  8.0","24"," 15.0","999.9","  50.0","*","  42.8","*","99.99"," ","999.9","010000"
"03768399999","2014-12-16","51.505278","0.055278","5.79","CITY, UK","  42.4","24","  37.6","24","9999.9"," 0","999.9"," 0","  5.2","15","  7.1","24","  9.9","999.9","  46.4","*","  39.2","*","99.99"," ","999.9","110000"
"03768399999","2014-12-17","51.505278","0.055278","5.79","CITY, UK","  53.1","24","  49.0","24","9999.9"," 0","999.9"," 0","  5.9","24"," 11.6","24"," 15.0","999.9","  57.2","*","  46.4","*","99.99"," ","999.9","010000"
"03768399999","2014-12-18","51.505278","0.055278","5.79","CITY, UK","  55.9","24","  50.7","24","9999.9"," 0","999.9"," 0","  6.2","24"," 16.1","24"," 21.0"," 29.9","  57.2","*","  55.4","*","99.99"," ","999.9","010000"
"03768399999","2014-12-19","51.505278","0.055278","5.79","CITY, UK","  50.7","24","  41.5","24","9999.9"," 0","999.9"," 0","  6.1","21"," 14.2","24"," 18.1"," 31.1","  55.4","*","  44.6","*","99.99"," ","999.9","010000"
"03768399999","2014-12-20","51.505278","0.055278","5.79","CITY, UK","  46.3","24","  37.0","24","9999.9"," 0","999.9"," 0","  6.2","24"," 13.4","24"," 18.1","999.9","  50.0","*","  42.8","*"," 0.00","I","999.9","000000"
"03768399999","2014-12-21","51.505278","0.055278","5.79","CITY, UK","  48.6","24","  41.9","24","9999.9"," 0","999.9"," 0","  6.1","24"," 12.9","24"," 20.0"," 29.9","  53.6","*","  42.8","*","99.99"," ","999.9","010000"
"03768399999","2014-12-22","51.505278","0.055278","5.79","CITY, UK","  55.6","24","  47.5","24","9999.9"," 0","999.9"," 0","  6.0","24"," 16.4","24"," 22.9"," 40.0","  57.2","*","  53.6","*","99.99"," ","999.9","010000"
"03768399999","2014-12-23","51.505278","0.055278","5.79","CITY, UK","  54.2","24","  43.5","24","9999.9"," 0","999.9"," 0","  6.2","24"," 17.0","24"," 22.0"," 33.0","  55.4","*","  51.8","*","99.99"," ","999.9","010000"
"03768399999","2014-12-24","51.505278","0.055278","5.79","CITY, UK","  49.1","24","  39.3","24","9999.9"," 0","999.9"," 0","  6.2","20"," 13.3","24"," 20.0"," 28.0","  53.6","*","  42.8","*","99.99"," ","999.9","010000"
"03768399999","2014-12-25","51.505278","0.055278","5.79","CITY, UK","  43.6","24","  35.2","24","9999.9"," 0","999.9"," 0","  6.2","24"," 10.1","24"," 14.0","999.9","  46.4","*","  39.2","*","99.99"," ","999.9","010000"
"03768399999","2014-12-26","51.505278","0.055278","5.79","CITY, UK","  40.2","24","  36.2","24","9999.9"," 0","999.9"," 0","  6.1","18","  6.6","24"," 13.0"," 22.9","  50.0","*","  35.6","*","99.99"," ","999.9","010000"
"03768399999","2014-12-27","51.505278","0.055278","5.79","CITY, UK","  39.5","21","  35.4","21","9999.9"," 0","999.9"," 0","  6.0","21"," 12.2","21"," 21.0"," 34.0","  48.2","*","  37.4","*","99.99"," ","999.9","010000"
"03768399999","2014-12-28","51.505278","0.055278","5.79","CITY, UK","  37.8","24","  29.4","24","9999.9"," 0","999.9"," 0","  6.2","18","  5.4","24","  8.9","999.9","  42.8","*","  33.8","*"," 0.00","I","999.9","000000"
"03768399999","2014-12-29","51.505278","0.055278","5.79","CITY, UK","  36.0","24","  30.8","24","9999.9"," 0","999.9"," 0","  5.4","11","  5.9","24","  8.9","999.9","  42.8","*","  32.0","*"," 0.00","I","999.9","000000"
"03768399999","2014-12-30","51.505278","0.055278","5.79","CITY, UK","  37.2","24","  32.3","24","9999.9"," 0","999.9"," 0","  5.2","16","  7.4","24","  9.9","999.9","  44.6","*","  32.0","*"," 0.00","I","999.9","000000"
"03768399999","2014-12-31","51.505278","0.055278","5.79","CITY, UK","  40.8","24","  35.6","24","9999.9"," 0","999.9"," 0","  6.2","21","  6.8","24"," 11.1","999.9","  46.4","*","  33.8","*"," 0.00","I","999.9","000000"
